use nabucont;
# ************************************************************
# Sequel Pro SQL dump
# Version 4541
#
# http://www.sequelpro.com/
# https://github.com/sequelpro/sequelpro
#
# Host: 52.34.220.196 (MySQL 5.6.33-0ubuntu0.14.04.1)
# Database: nabucont
# Generation Time: 2016-12-28 13:09:23 +0000
# ************************************************************


/*!40101 SET @OLD_CHARACTER_SET_CLIENT=@@CHARACTER_SET_CLIENT */;
/*!40101 SET @OLD_CHARACTER_SET_RESULTS=@@CHARACTER_SET_RESULTS */;
/*!40101 SET @OLD_COLLATION_CONNECTION=@@COLLATION_CONNECTION */;
/*!40101 SET NAMES utf8 */;
/*!40014 SET @OLD_FOREIGN_KEY_CHECKS=@@FOREIGN_KEY_CHECKS, FOREIGN_KEY_CHECKS=0 */;
/*!40101 SET @OLD_SQL_MODE=@@SQL_MODE, SQL_MODE='NO_AUTO_VALUE_ON_ZERO' */;
/*!40111 SET @OLD_SQL_NOTES=@@SQL_NOTES, SQL_NOTES=0 */;


# Dump of table cc_concepto_tbl
# ------------------------------------------------------------

DROP TABLE IF EXISTS `cc_concepto_tbl`;

CREATE TABLE `cc_concepto_tbl` (
  `Id_concepto` int(11) NOT NULL AUTO_INCREMENT,
  `id_usuario` int(11) DEFAULT NULL,
  `cc_descripcion` varchar(255) COLLATE utf8_unicode_ci DEFAULT NULL,
  `cc_tipoconcepto` varchar(255) COLLATE utf8_unicode_ci DEFAULT NULL,
  `nb_estado_fld` int(11) DEFAULT '0',
  PRIMARY KEY (`Id_concepto`)
) ENGINE=MyISAM DEFAULT CHARSET=utf8 COLLATE=utf8_unicode_ci;

LOCK TABLES `cc_concepto_tbl` WRITE;
/*!40000 ALTER TABLE `cc_concepto_tbl` DISABLE KEYS */;

INSERT INTO `cc_concepto_tbl` (`Id_concepto`, `id_usuario`, `cc_descripcion`, `cc_tipoconcepto`, `nb_estado_fld`)
VALUES
	(1,14800275,'Salario Basico','1',0),
	(2,14800275,'Compensacion Mensual','1',0),
	(3,14800275,'Compensacion Trimestral','1',0),
	(4,14800275,'Vacaciones','1',0),
	(5,14800275,'Prima','1',0),
	(6,14800275,'Intereses Cesantias','1',0),
	(7,14800275,'Salud','2',0),
	(8,14800275,'Pension','2',0),
	(9,14800275,'Solidaridad','2',0),
	(10,14800275,'Retencion en la fuente','2',0),
	(11,14800275,'Credito Libranza','2',0),
	(12,14800275,'Otros Egresos Nomina','2',0),
	(13,14800275,'Compensacion Trimestral (-)','2',0),
	(14,14800275,'Compensacion Mensual (-)','2',0),
	(15,14800275,'Coomeva','3',0),
	(16,14800275,'Icetex','3',0),
	(17,14800275,'Tarjeta Credito','3',0),
	(18,14800275,'Credito Bancos','3',0),
	(19,14800275,'Credito Leasing','3',0),
	(20,14800275,'Servicio Publico Agua-Energia','4',0),
	(21,14800275,'Internet-Tv','4',0),
	(22,14800275,'Telefonia Movil','4',0),
	(23,14800275,'Servicio Publico Gas','4',0),
	(24,14800275,'Administracion','4',0),
	(25,14800275,'Impuestos Casa','4',0),
	(26,14800275,'Impuesto Carro','4',0),
	(27,14800275,'Gasolina','4',0),
	(28,14800275,'Aceite y otros Egresos Carro','4',0),
	(29,14800275,'Egresos Cuenta Ahorro','6',0),
	(30,14800275,'Saldo en Banco','5',0),
	(31,14800275,'Ahorro Retirado','5',0),
	(32,14800275,'Saldo Ahorro','7',0),
	(33,14800275,'Ingreso Ahorro','7',0),
	(34,14800275,'Retiro Ahorro','8',0),
	(35,14800275,'Retencion Contingente','8',0),
	(36,14800275,'Saldo Cesantia','7',0),
	(37,14800275,'Ingreso Cesantia','7',0),
	(38,14800275,'Retiro Cesantia','8',0),
	(39,14800275,'Retencion Cesantia','8',0),
	(40,14800275,'Cuota Manejo','3',0),
	(41,14800275,'Seguro de Vida','3',0),
	(42,14800275,'Otros Ingresos','1',0),
	(43,14800275,'Ingresos por Terceros','5',0),
	(44,14800275,'Egresos Varios','6',0),
	(45,14800275,'Patrimonio mes anterior','1',0),
	(46,1037594925,'Salario Basico','9',0),
	(49,1037594925,'Vacaciones','9',0),
	(50,1037594925,'Prima','9',0),
	(51,1037594925,'Intereses Cesantias','9',0),
	(52,1037594925,'Salud','10',0),
	(53,1037594925,'Pension','10',0),
	(54,1037594925,'Solidaridad','10',0),
	(56,1037594925,'Credito Libranza','10',0),
	(57,1037594925,'Otros Egresos Nomina','10',0),
	(60,1037594925,'Coomeva','11',0),
	(61,1037594925,'Icetex','11',0),
	(62,1037594925,'Tarjeta Credito','11',0),
	(63,1037594925,'Credito Bancos','11',0),
	(65,1037594925,'Servicio Publico Agua-Energia','12',0),
	(66,1037594925,'Internet-Tv','12',0),
	(67,1037594925,'Telefonia Movil','12',0),
	(68,1037594925,'Servicio Publico Gas','12',0),
	(69,1037594925,'Administracion','12',0),
	(70,1037594925,'Impuestos Casa','12',0),
	(74,1037594925,'Egresos Cuenta Ahorro','14',0),
	(75,1037594925,'Saldo en Banco','13',0),
	(77,1037594925,'Saldo Ahorro','15',0),
	(78,1037594925,'Ingreso Ahorro','15',0),
	(86,1037594925,'Seguro de Vida','11',0),
	(87,1037594925,'Otros Ingresos','9',0),
	(88,1037594925,'Ingresos por Terceros','13',0),
	(89,1037594925,'Egresos Varios','14',0),
	(163,12345,'Intereses Cesantias','38',0),
	(162,12345,'Vacaciones','38',0),
	(161,12345,'Salario Basico','38',0),
	(158,1037594925,'Medicina Prepagada Sura','12',0),
	(159,1037594925,'Almuerzos','14',0),
	(160,1037594925,'Mercado','12',0),
	(164,12345,'Prima','38',0),
	(165,12345,'Salud','42',0),
	(166,12345,'Pension','42',0),
	(167,12345,'Descuentos por nomina','42',0),
	(168,12345,'Servicios Publicos','41',0),
	(169,12345,'Arriendo','41',0),
	(170,12345,'Credito Banco','40',0),
	(171,12345,'Egresos Varios','43',0),
	(172,12345,'Mercado','41',0),
	(173,12345,'Ingresos por Terceros','39',0),
	(174,12345,'Saldo Ahorro','44',0),
	(175,12345,'Abono Ahorro','44',0),
	(176,12345,'Retiro Ahorro','45',0),
	(177,12345,'Citas medicas','43',0),
	(178,1037594925,'Rut Rosero','12',0),
	(179,14800275,'Mercado','4',0),
	(180,1037594925,'Prepagada Martina','12',0),
	(181,1037594925,'Retiro Ahorro','16',0);

/*!40000 ALTER TABLE `cc_concepto_tbl` ENABLE KEYS */;
UNLOCK TABLES;


# Dump of table cc_concepto_vw
# ------------------------------------------------------------

DROP VIEW IF EXISTS `cc_concepto_vw`;

CREATE TABLE `cc_concepto_vw` (
   `Id_concepto` VARCHAR(20) NOT NULL DEFAULT '',
   `id_usuario` INT(11) NULL DEFAULT NULL,
   `concepto` VARCHAR(255) NULL DEFAULT NULL,
   `tipoconcepto` VARCHAR(255) NULL DEFAULT NULL,
   `tipocontable` VARCHAR(255) NULL DEFAULT NULL,
   `estado` VARCHAR(255) NULL DEFAULT NULL
) ENGINE=MyISAM;



# Dump of table cc_consolidado_trans_2_vw
# ------------------------------------------------------------

DROP VIEW IF EXISTS `cc_consolidado_trans_2_vw`;

CREATE TABLE `cc_consolidado_trans_2_vw` (
   `label` VARCHAR(280) NULL DEFAULT NULL,
   `Activo` VARCHAR(63) NULL DEFAULT NULL,
   `Pasivo` VARCHAR(63) NULL DEFAULT NULL,
   `Ahorro` VARCHAR(63) NULL DEFAULT NULL,
   `Retiro_Ahorros` VARCHAR(63) NULL DEFAULT NULL
) ENGINE=MyISAM;



# Dump of table cc_consolidado_trans_vw
# ------------------------------------------------------------

DROP VIEW IF EXISTS `cc_consolidado_trans_vw`;

CREATE TABLE `cc_consolidado_trans_vw` (
   `ID_Usuario` VARCHAR(255) NULL DEFAULT NULL,
   `Periodo` INT(11) NULL DEFAULT NULL,
   `Sub_Periodo` INT(11) NULL DEFAULT '0',
   `Tipo_Contable` VARCHAR(255) NULL DEFAULT NULL,
   `Monto` VARCHAR(63) NOT NULL DEFAULT ''
) ENGINE=MyISAM;



# Dump of table cc_detalle_trans_vw
# ------------------------------------------------------------

DROP VIEW IF EXISTS `cc_detalle_trans_vw`;

CREATE TABLE `cc_detalle_trans_vw` (
   `Id_Transaccion` VARCHAR(20) NOT NULL DEFAULT '',
   `Id_Usuario` VARCHAR(255) NULL DEFAULT NULL,
   `Periodo` INT(11) NULL DEFAULT NULL,
   `Sub_Periodo` INT(11) NULL DEFAULT '0',
   `Fecha_Inicio` VARCHAR(255) NULL DEFAULT '',
   `Tipo_Contable` VARCHAR(255) NULL DEFAULT NULL,
   `Tipo_Concepto` VARCHAR(255) NULL DEFAULT NULL,
   `Id_Concepto` INT(11) NULL DEFAULT NULL,
   `Concepto` VARCHAR(255) NULL DEFAULT NULL,
   `Monto` VARCHAR(57) NOT NULL DEFAULT '',
   `Descripcion` BLOB NULL DEFAULT NULL
) ENGINE=MyISAM;



# Dump of table cc_informe_ano_concepto_vw
# ------------------------------------------------------------

DROP VIEW IF EXISTS `cc_informe_ano_concepto_vw`;

CREATE TABLE `cc_informe_ano_concepto_vw` (
   `Id_usuario` VARCHAR(255) NULL DEFAULT NULL,
   `Ano` INT(4) NULL DEFAULT NULL,
   `Concepto` VARCHAR(255) NULL DEFAULT NULL,
   `Valor` VARCHAR(63) NOT NULL DEFAULT ''
) ENGINE=MyISAM;



# Dump of table cc_informe_ano_tconcepto_vw
# ------------------------------------------------------------

DROP VIEW IF EXISTS `cc_informe_ano_tconcepto_vw`;

CREATE TABLE `cc_informe_ano_tconcepto_vw` (
   `Id_usuario` VARCHAR(255) NULL DEFAULT NULL,
   `Ano` INT(4) NULL DEFAULT NULL,
   `Periodo` INT(11) NULL DEFAULT NULL,
   `Tipo_Concepto` VARCHAR(255) NULL DEFAULT NULL,
   `Valor` VARCHAR(63) NOT NULL DEFAULT ''
) ENGINE=MyISAM;



# Dump of table cc_informe_ano_tcontable_vw
# ------------------------------------------------------------

DROP VIEW IF EXISTS `cc_informe_ano_tcontable_vw`;

CREATE TABLE `cc_informe_ano_tcontable_vw` (
   `Id_usuario` VARCHAR(255) NULL DEFAULT NULL,
   `Ano` INT(4) NULL DEFAULT NULL,
   `Periodo` INT(11) NULL DEFAULT NULL,
   `Sub_Periodo` INT(11) NULL DEFAULT '0',
   `Tipo_Contable` VARCHAR(255) NULL DEFAULT NULL,
   `Valor` VARCHAR(63) NOT NULL DEFAULT ''
) ENGINE=MyISAM;



# Dump of table cc_periodo_tbl
# ------------------------------------------------------------

DROP TABLE IF EXISTS `cc_periodo_tbl`;

CREATE TABLE `cc_periodo_tbl` (
  `id` int(11) unsigned NOT NULL AUTO_INCREMENT,
  `id_usuario` int(11) DEFAULT '0',
  `id_periodo` int(11) DEFAULT NULL,
  `id_sub_periodo` int(11) DEFAULT '0',
  `Fecha_Inicio` varchar(255) COLLATE utf8_unicode_ci DEFAULT '',
  `Fecha_Fin` varchar(255) COLLATE utf8_unicode_ci DEFAULT '',
  PRIMARY KEY (`id`)
) ENGINE=MyISAM DEFAULT CHARSET=utf8 COLLATE=utf8_unicode_ci;

LOCK TABLES `cc_periodo_tbl` WRITE;
/*!40000 ALTER TABLE `cc_periodo_tbl` DISABLE KEYS */;

INSERT INTO `cc_periodo_tbl` (`id`, `id_usuario`, `id_periodo`, `id_sub_periodo`, `Fecha_Inicio`, `Fecha_Fin`)
VALUES
	(1,14800275,1,1,'01/22/2015','02/21/2015'),
	(2,14800275,1,1,'01/22/2016','02/21/2016'),
	(3,1037594925,1,1,'01/15/2015','01/29/2015'),
	(4,1037594925,1,1,'01/15/2016','01/29/2016'),
	(5,1037594925,1,2,'01/30/2015','02/14/2015'),
	(6,1037594925,1,2,'01/30/2016','02/14/2016'),
	(7,14800275,2,1,'02/22/2015','03/21/2015'),
	(8,14800275,2,1,'02/22/2016','03/21/2016'),
	(9,1037594925,2,1,'02/15/2015','02/27/2015'),
	(10,1037594925,2,1,'02/15/2016','02/28/2016'),
	(11,1037594925,2,2,'02/28/2015','03/14/2015'),
	(12,1037594925,2,2,'02/29/2016','03/14/2016'),
	(13,14800275,3,1,'03/22/2015','04/21/2015'),
	(14,14800275,3,1,'03/22/2016','04/21/2016'),
	(15,1037594925,3,1,'03/15/2015','03/29/2015'),
	(16,1037594925,3,1,'03/15/2016','03/29/2016'),
	(17,1037594925,3,2,'03/30/2015','04/14/2015'),
	(18,1037594925,3,2,'03/30/2016','04/14/2016'),
	(19,14800275,4,1,'04/22/2015','05/21/2015'),
	(20,14800275,4,1,'04/22/2016','05/21/2016'),
	(21,1037594925,4,1,'04/15/2015','04/29/2015'),
	(22,1037594925,4,1,'04/15/2016','04/29/2016'),
	(23,1037594925,4,2,'04/30/2015','05/14/2015'),
	(24,1037594925,4,2,'04/30/2016','05/14/2016'),
	(25,14800275,5,1,'05/22/2015','06/21/2015'),
	(26,14800275,5,1,'05/22/2016','06/21/2016'),
	(27,1037594925,5,1,'05/15/2015','05/29/2015'),
	(28,1037594925,5,1,'05/15/2016','05/29/2016'),
	(29,1037594925,5,2,'05/30/2015','06/14/2015'),
	(30,1037594925,5,2,'05/30/2016','06/14/2016'),
	(31,14800275,6,1,'06/22/2015','07/21/2015'),
	(32,14800275,6,1,'06/22/2016','07/21/2016'),
	(33,1037594925,6,1,'06/15/2015','06/29/2015'),
	(34,1037594925,6,1,'06/15/2016','06/29/2016'),
	(35,1037594925,6,2,'06/30/2015','07/14/2015'),
	(36,1037594925,6,2,'06/30/2016','07/14/2016'),
	(37,14800275,7,1,'07/22/2015','08/21/2015'),
	(38,14800275,7,1,'07/22/2016','08/21/2016'),
	(39,1037594925,7,1,'07/15/2015','07/29/2015'),
	(40,1037594925,7,1,'07/15/2016','07/29/2016'),
	(41,1037594925,7,2,'07/30/2015','08/14/2015'),
	(42,1037594925,7,2,'07/30/2016','08/14/2016'),
	(43,14800275,8,1,'08/22/2015','09/21/2015'),
	(44,14800275,8,1,'08/22/2016','09/21/2016'),
	(45,1037594925,8,1,'08/15/2015','08/29/2015'),
	(46,1037594925,8,1,'08/15/2016','08/29/2016'),
	(47,1037594925,8,2,'08/30/2015','09/14/2015'),
	(48,1037594925,8,2,'08/30/2016','09/14/2016'),
	(49,14800275,9,1,'09/22/2015','10/21/2015'),
	(50,14800275,9,1,'09/22/2016','10/21/2016'),
	(51,1037594925,9,1,'09/15/2015','09/29/2015'),
	(52,1037594925,9,1,'09/15/2016','09/29/2016'),
	(53,1037594925,9,2,'09/30/2015','10/14/2015'),
	(54,1037594925,9,2,'09/30/2016','10/14/2016'),
	(55,14800275,10,1,'10/22/2015','11/21/2015'),
	(56,14800275,10,1,'10/22/2016','11/21/2016'),
	(57,1037594925,10,1,'10/15/2015','10/29/2015'),
	(58,1037594925,10,1,'10/15/2016','10/29/2016'),
	(59,1037594925,10,2,'10/30/2015','11/14/2015'),
	(60,1037594925,10,2,'10/30/2016','11/14/2016'),
	(61,14800275,11,1,'11/22/2015','12/21/2015'),
	(62,14800275,11,1,'11/22/2016','12/21/2016'),
	(63,1037594925,11,1,'11/15/2015','11/29/2015'),
	(64,1037594925,11,1,'11/15/2016','11/29/2016'),
	(65,1037594925,11,2,'11/30/2015','12/14/2015'),
	(66,1037594925,11,2,'11/30/2016','12/14/2016'),
	(67,14800275,12,1,'12/22/2015','01/21/2016'),
	(68,14800275,12,1,'12/22/2016','01/21/2017'),
	(69,1037594925,12,1,'12/15/2015','12/29/2015'),
	(70,1037594925,12,1,'12/15/2016','12/29/2016'),
	(71,1037594925,12,2,'12/30/2015','01/14/2016'),
	(72,1037594925,12,2,'12/30/2016','01/14/2017'),
	(95,12345,3,1,'03/01/2016','03/31/2016'),
	(94,12345,2,1,'02/01/2016','02/29/2016'),
	(93,12345,1,1,'01/01/2016','01/31/2016'),
	(96,12345,4,1,'04/01/2016','04/30/2016'),
	(97,12345,5,1,'05/01/2016','05/31/2016'),
	(98,12345,6,1,'06/01/2016','06/30/2016');

/*!40000 ALTER TABLE `cc_periodo_tbl` ENABLE KEYS */;
UNLOCK TABLES;


# Dump of table cc_periodo_vw
# ------------------------------------------------------------

DROP VIEW IF EXISTS `cc_periodo_vw`;

CREATE TABLE `cc_periodo_vw` (
   `id` VARCHAR(20) NOT NULL DEFAULT '',
   `id_usuario` INT(11) NULL DEFAULT '0',
   `id_periodo` INT(11) NULL DEFAULT NULL,
   `id_sub_periodo` INT(11) NULL DEFAULT '0',
   `Fecha_Inicio` VARCHAR(255) NULL DEFAULT '',
   `Fecha_Fin` VARCHAR(255) NULL DEFAULT ''
) ENGINE=MyISAM;



# Dump of table cc_sum_tipototales_vw
# ------------------------------------------------------------

DROP VIEW IF EXISTS `cc_sum_tipototales_vw`;

CREATE TABLE `cc_sum_tipototales_vw` (
   `label` VARCHAR(280) NULL DEFAULT NULL,
   `Activo` VARCHAR(63) NOT NULL DEFAULT '',
   `Pasivo` VARCHAR(63) NOT NULL DEFAULT '',
   `Patrimonio` VARCHAR(63) NOT NULL DEFAULT '',
   `Ahorro` VARCHAR(63) NOT NULL DEFAULT '',
   `Retiro_Ahorros` VARCHAR(63) NOT NULL DEFAULT '',
   `Patrimonio_Ahorro` VARCHAR(63) NOT NULL DEFAULT ''
) ENGINE=MyISAM;



# Dump of table cc_tipoconcepto_tbl
# ------------------------------------------------------------

DROP TABLE IF EXISTS `cc_tipoconcepto_tbl`;

CREATE TABLE `cc_tipoconcepto_tbl` (
  `cc_tipoconcepto` int(11) NOT NULL AUTO_INCREMENT,
  `id_usuario` int(11) DEFAULT NULL,
  `cc_descripcion` varchar(255) COLLATE utf8_unicode_ci DEFAULT NULL,
  `cc_tipocontable` int(11) DEFAULT NULL,
  PRIMARY KEY (`cc_tipoconcepto`)
) ENGINE=MyISAM DEFAULT CHARSET=utf8 COLLATE=utf8_unicode_ci;

LOCK TABLES `cc_tipoconcepto_tbl` WRITE;
/*!40000 ALTER TABLE `cc_tipoconcepto_tbl` DISABLE KEYS */;

INSERT INTO `cc_tipoconcepto_tbl` (`cc_tipoconcepto`, `id_usuario`, `cc_descripcion`, `cc_tipocontable`)
VALUES
	(1,14800275,'Ingreso x Nomina',1),
	(2,14800275,'Egreso x Nomina',2),
	(3,14800275,'Obligaciones Financieras',2),
	(4,14800275,'Hogar',2),
	(5,14800275,'Otros Ingresos',1),
	(6,14800275,'Otros Egresos',2),
	(7,14800275,'Ahorro Ingreso',3),
	(8,14800275,'Ahorro Egreso',4),
	(9,1037594925,'Ingreso x Nomina',1),
	(10,1037594925,'Egreso x Nomina',2),
	(11,1037594925,'Obligaciones Financieras',2),
	(12,1037594925,'Hogar',2),
	(13,1037594925,'Otros Ingresos',1),
	(14,1037594925,'Otros Egresos',2),
	(15,1037594925,'Ahorro Ingreso',3),
	(16,1037594925,'Ahorro Egreso',4),
	(40,12345,'Obligaciones Financieras',2),
	(39,12345,'Otros Ingresos',1),
	(38,12345,'Ingresos por Nomina',1),
	(41,12345,'Hogar',2),
	(42,12345,'Egresos por Nomina',2),
	(43,12345,'Otros Egresos',2),
	(44,12345,'Ingreso Ahorro',3),
	(45,12345,'Retiro Ahorro',4);

/*!40000 ALTER TABLE `cc_tipoconcepto_tbl` ENABLE KEYS */;
UNLOCK TABLES;


# Dump of table cc_tipoconcepto_vw
# ------------------------------------------------------------

DROP VIEW IF EXISTS `cc_tipoconcepto_vw`;

CREATE TABLE `cc_tipoconcepto_vw` (
   `cc_tipoconcepto` VARCHAR(20) NOT NULL DEFAULT '',
   `Id_usuario` INT(11) NULL DEFAULT NULL,
   `tipoconcepto` VARCHAR(255) NULL DEFAULT NULL,
   `tipocontable` VARCHAR(255) NULL DEFAULT NULL
) ENGINE=MyISAM;



# Dump of table cc_tipocontable_tbl
# ------------------------------------------------------------

DROP TABLE IF EXISTS `cc_tipocontable_tbl`;

CREATE TABLE `cc_tipocontable_tbl` (
  `cc_tipocontable` int(11) NOT NULL AUTO_INCREMENT,
  `cc_descripcion` varchar(255) COLLATE utf8_unicode_ci DEFAULT NULL,
  PRIMARY KEY (`cc_tipocontable`)
) ENGINE=MyISAM DEFAULT CHARSET=utf8 COLLATE=utf8_unicode_ci;

LOCK TABLES `cc_tipocontable_tbl` WRITE;
/*!40000 ALTER TABLE `cc_tipocontable_tbl` DISABLE KEYS */;

INSERT INTO `cc_tipocontable_tbl` (`cc_tipocontable`, `cc_descripcion`)
VALUES
	(1,'Activos'),
	(2,'Pasivos'),
	(3,'Ahorro (+)'),
	(4,'Ahorro (-)');

/*!40000 ALTER TABLE `cc_tipocontable_tbl` ENABLE KEYS */;
UNLOCK TABLES;


# Dump of table cc_tipocontable_vw
# ------------------------------------------------------------

DROP VIEW IF EXISTS `cc_tipocontable_vw`;

CREATE TABLE `cc_tipocontable_vw` (
   `Tipo_Contable` VARCHAR(255) NULL DEFAULT NULL
) ENGINE=MyISAM;



# Dump of table cc_transaccion_tbl
# ------------------------------------------------------------

DROP TABLE IF EXISTS `cc_transaccion_tbl`;

CREATE TABLE `cc_transaccion_tbl` (
  `Id_transaccion` int(11) NOT NULL AUTO_INCREMENT,
  `Id_usuario` varchar(255) COLLATE utf8_unicode_ci DEFAULT NULL,
  `Fecha_Inicio` varchar(255) COLLATE utf8_unicode_ci DEFAULT '',
  `Id_concepto` int(11) DEFAULT NULL,
  `Monto` decimal(16,4) DEFAULT '0.0000',
  `descripcion` blob,
  PRIMARY KEY (`Id_transaccion`)
) ENGINE=MyISAM DEFAULT CHARSET=utf8 COLLATE=utf8_unicode_ci;

LOCK TABLES `cc_transaccion_tbl` WRITE;
/*!40000 ALTER TABLE `cc_transaccion_tbl` DISABLE KEYS */;

INSERT INTO `cc_transaccion_tbl` (`Id_transaccion`, `Id_usuario`, `Fecha_Inicio`, `Id_concepto`, `Monto`, `descripcion`)
VALUES
	(6,'1037594925','01/30/2015',61,209081.0000,NULL),
	(7,'1037594925','01/30/2015',75,0.0000,NULL),
	(8,'14800275','01/22/2015',1,1179700.0000,NULL),
	(9,'14800275','01/22/2015',2,920000.0000,NULL),
	(10,'14800275','01/22/2015',6,428604.0000,NULL),
	(11,'14800275','01/22/2015',7,156164.0000,NULL),
	(12,'14800275','01/22/2015',8,156164.0000,NULL),
	(13,'14800275','01/22/2015',9,39041.0000,NULL),
	(14,'14800275','01/22/2015',10,11000.0000,NULL),
	(15,'14800275','01/22/2015',11,593916.0000,NULL),
	(16,'14800275','01/22/2015',14,920000.0000,NULL),
	(17,'14800275','01/22/2015',15,142636.3300,NULL),
	(18,'14800275','01/22/2015',18,528122.0000,NULL),
	(19,'14800275','01/22/2015',19,1395000.0000,NULL),
	(20,'14800275','01/22/2015',24,346929.0000,NULL),
	(21,'14800275','01/22/2015',30,10113.3800,NULL),
	(22,'14800275','01/22/2015',31,0.0000,NULL),
	(23,'14800275','01/22/2015',32,920000.0000,NULL),
	(24,'14800275','01/22/2015',33,920000.0000,X'50726F74656363696F6E'),
	(25,'14800275','01/22/2015',34,0.0000,NULL),
	(26,'14800275','01/22/2015',35,0.0000,NULL),
	(27,'14800275','01/22/2015',36,3400151.2300,NULL),
	(28,'14800275','01/22/2015',40,9900.0000,NULL),
	(29,'14800275','01/22/2015',20,0.0000,NULL),
	(30,'14800275','01/22/2015',21,51730.0000,NULL),
	(31,'14800275','01/22/2015',22,0.0000,NULL),
	(32,'14800275','01/22/2015',23,0.0000,NULL),
	(33,'14800275','01/22/2015',4,2724400.0000,NULL),
	(35,'1037594925','01/30/2015',46,650667.0000,NULL),
	(36,'1037594925','01/30/2015',51,284280.0000,NULL),
	(37,'1037594925','01/30/2015',56,260775.0000,NULL),
	(38,'1037594925','01/30/2015',52,26027.0000,NULL),
	(39,'1037594925','01/30/2015',53,26027.0000,NULL),
	(40,'1037594925','01/30/2015',67,15975.0000,NULL),
	(41,'1037594925','02/01/2015',62,17432.0000,NULL),
	(42,'1037594925','02/12/2015',74,379630.0000,NULL),
	(43,'1037594925','02/15/2015',46,1545000.0000,NULL),
	(65,'1037594925','02/15/2015',52,61800.0000,NULL),
	(66,'1037594925','02/15/2015',53,61800.0000,NULL),
	(70,'1037594925','02/15/2015',56,260775.0000,NULL),
	(71,'1037594925','02/15/2015',66,76000.0000,NULL),
	(72,'1037594925','02/15/2015',65,110115.0000,NULL),
	(73,'1037594925','02/15/2015',63,524901.0000,NULL),
	(75,'1037594925','02/15/2015',74,70000.0000,NULL),
	(76,'1037594925','02/15/2015',74,103000.0000,NULL),
	(77,'14800275','01/22/2015',43,786000.0000,X'5472616E73636F7276616C6C652028243235302E303030292B2056656E74612043656C756C61722028243135302E30303029202B20243338362E303030'),
	(78,'14800275','01/22/2015',44,1696516.8300,NULL),
	(79,'14800275','02/22/2015',17,317398.0000,''),
	(80,'14800275','02/22/2015',15,144498.0000,''),
	(81,'14800275','02/22/2015',18,528122.0000,''),
	(82,'14800275','02/22/2015',44,100000.0000,X'4A617264696E'),
	(83,'14800275','02/22/2015',22,29313.8600,''),
	(84,'14800275','02/22/2015',19,1387649.0000,''),
	(85,'14800275','02/22/2015',37,3602700.9800,''),
	(86,'14800275','02/22/2015',36,3400151.2300,''),
	(87,'14800275','02/22/2015',32,1840000.0000,X'53616C646F2050726F74656363696F6E'),
	(88,'14800275','02/22/2015',1,4047000.0000,''),
	(89,'14800275','02/22/2015',2,920000.0000,''),
	(90,'14800275','02/22/2015',14,920000.0000,''),
	(91,'14800275','02/22/2015',11,593916.0000,''),
	(92,'14800275','02/22/2015',7,161880.0000,''),
	(93,'14800275','02/22/2015',8,161880.0000,''),
	(94,'14800275','02/22/2015',9,40470.0000,''),
	(95,'14800275','02/22/2015',15,135895.0000,X'507265706167616461205061747269636961'),
	(96,'14800275','02/22/2015',23,13668.0000,X'436F6D70726F62616E7465206465205061676F3A393234380A46656368613A32302D30322D3230313520393A333020706D'),
	(97,'14800275','02/22/2015',21,37790.0000,X'416E746967756F20496E7465726E65740A436F6D70726F62616E7465206465205061676F3A32373534340A46656368613A32302D30322D3230313520393A333020706D'),
	(98,'1037594925','02/15/2015',89,245184.0000,''),
	(99,'1037594925','02/15/2015',54,15450.0000,''),
	(100,'1037594925','02/15/2015',67,15975.0000,''),
	(101,'14800275','02/22/2015',10,18000.0000,''),
	(102,'1037594925','02/28/2015',46,1545000.0000,''),
	(103,'1037594925','02/28/2015',52,61800.0000,''),
	(105,'1037594925','02/28/2015',53,61800.0000,''),
	(106,'1037594925','02/28/2015',54,15450.0000,''),
	(107,'1037594925','02/28/2015',62,197000.0000,''),
	(108,'1037594925','02/28/2015',61,208437.0000,X'5265666572656E636961206465207061676F203435303532'),
	(109,'1037594925','02/28/2015',69,363535.0000,''),
	(111,'1037594925','02/28/2015',56,211519.0000,''),
	(112,'1037594925','02/28/2015',88,110000.0000,X'5461726A657461204372656469746F'),
	(113,'1037594925','02/28/2015',89,360000.0000,X'526567616C6F'),
	(114,'1037594925','02/28/2015',89,20000.0000,''),
	(115,'14800275','03/11/2015',38,6904542.6600,NULL),
	(116,'14800275','03/11/2015',39,98309.5500,NULL),
	(117,'14800275','03/11/2015',31,6904542.6600,NULL),
	(118,'14800275','03/14/2015',44,1999000.0000,X'436F6D707261206465204D6163626F6F6B20616972'),
	(119,'14800275','03/14/2015',25,1031387.0000,X'496D70756573746F207072656469616C'),
	(120,'14800275','03/12/2015',21,76000.0000,X'436C61726F20486F676172'),
	(121,'14800275','03/12/2015',44,1000000.0000,X'5061676F204A75616E204361726C6F73204573636F626172207072657374616D6F2063756F746120696E696369616C'),
	(122,'14800275','03/14/2015',22,69900.0000,NULL),
	(123,'14800275','03/14/2015',18,500000.0000,X'5061676F2042616E636F206465204F63636964656E74652050617469636F'),
	(124,'14800275','03/13/2015',40,9900.0000,X'43756F7461205461726A6574612044656269746F'),
	(125,'14800275','03/14/2015',17,1752000.0000,X'5061676F20616E746963697061646F2054432042616E636F6F6D657661'),
	(126,'14800275','03/20/2015',44,635739.8000,X'416A7573746520676173746F73206D656E7375616C09'),
	(127,'14800275','03/14/2015',26,181100.0000,NULL),
	(128,'14800275','03/22/2015',1,4047000.0000,''),
	(129,'14800275','03/22/2015',2,920000.0000,''),
	(130,'14800275','03/22/2015',14,920000.0000,''),
	(131,'14800275','03/22/2015',11,593916.0000,''),
	(132,'14800275','03/22/2015',7,161880.0000,''),
	(133,'14800275','03/22/2015',8,161880.0000,''),
	(134,'14800275','03/22/2015',9,40470.0000,''),
	(135,'14800275','03/22/2015',10,18000.0000,''),
	(136,'1037594925','03/15/2015',52,61800.0000,''),
	(137,'1037594925','03/15/2015',53,61800.0000,''),
	(138,'1037594925','03/15/2015',56,211519.0000,''),
	(139,'1037594925','03/15/2015',54,15196.0000,''),
	(140,'1037594925','03/15/2015',57,15450.0000,''),
	(141,'1037594925','03/15/2015',89,40000.0000,X'506173746173'),
	(142,'1037594925','03/15/2015',65,100954.0000,''),
	(143,'1037594925','03/15/2015',89,31500.0000,X'416C6D7565727A6F20537220576F6B'),
	(144,'1037594925','03/15/2015',89,35000.0000,X'476F727261'),
	(145,'14800275','03/22/2015',23,83722.0000,X'5061676F2064656C206761732079207061676F2064652061727265676C6F206465206C61732074756265726961732E'),
	(146,'1037594925','03/15/2015',89,64650.0000,X'476F746173206465206C6F73206F6A6F73'),
	(147,'1037594925','03/15/2015',89,68397.0000,''),
	(148,'14800275','03/22/2015',15,144498.0000,''),
	(149,'1037594925','03/15/2015',89,106954.0000,X'4D65726361646F'),
	(150,'1037594925','03/15/2015',60,135895.0000,''),
	(151,'1037594925','03/15/2015',89,60000.0000,X'416C6D7565727A6F'),
	(152,'14800275','03/22/2015',44,222000.0000,X'446FC3B161205A6F72616964612C204265726E61726461'),
	(153,'1037594925','03/15/2015',86,16227.0000,''),
	(154,'14800275','03/22/2015',44,132000.0000,X'5A617061746F73204C61636F7374652079205A617061746F732050617469636F'),
	(155,'1037594925','03/15/2015',89,470000.0000,X'41626F6E6F20436C7562204E6F656C'),
	(156,'14800275','03/22/2015',19,1387064.0000,''),
	(157,'14800275','03/22/2015',44,146918.0000,X'4D65726361646F2D436572746966696361646F2064652074726164696369C3B36E202D20204A75616E205061626C6F'),
	(158,'14800275','03/22/2015',18,528122.0000,''),
	(159,'14800275','03/22/2015',30,26036.0000,''),
	(160,'14800275','02/22/2015',33,920000.0000,X'50726F74656363696F6E'),
	(161,'14800275','03/22/2015',32,2760000.0000,X'50726F74656363696F6E'),
	(162,'14800275','03/22/2015',33,920000.0000,X'50726F7465636369C3B36E'),
	(163,'1037594925','03/15/2015',46,1545000.0000,''),
	(164,'1037594925','03/31/2015',52,61800.0000,''),
	(165,'1037594925','03/31/2015',53,61800.0000,''),
	(166,'1037594925','03/31/2015',56,211519.0000,''),
	(167,'1037594925','03/31/2015',54,15196.0000,''),
	(168,'1037594925','03/31/2015',67,15450.0000,X'43656C756C6172'),
	(169,'1037594925','03/31/2015',46,1545000.0000,''),
	(170,'1037594925','03/31/2015',87,500000.0000,''),
	(171,'1037594925','03/31/2015',62,291000.0000,''),
	(172,'1037594925','03/31/2015',89,110000.0000,X'41626F6E6F206465756461204361726C6F73'),
	(173,'1037594925','03/31/2015',61,209981.0000,''),
	(174,'1037594925','03/31/2015',69,363000.0000,''),
	(175,'1037594925','03/31/2015',89,351000.0000,X'506173656F20436F636F72612C2043756D706C65204361726C6F73'),
	(176,'1037594925','03/31/2015',89,200000.0000,X'41706F796F205061706173'),
	(177,'1037594925','03/31/2015',89,60000.0000,X'416C6D7565727A6F73'),
	(178,'1037594925','03/31/2015',89,22894.0000,X'496D70756573746F205072656469616C205061726B696E67'),
	(179,'1037594925','03/31/2015',89,70000.0000,X'4D657263616469746F2C20676173746F73207175696E63656E61'),
	(180,'1037594925','02/28/2015',89,155459.0000,X'416A7573746520616C207065736F'),
	(181,'1037594925','03/15/2015',89,49658.0000,X'416A7573746520616C207065736F'),
	(182,'14800275','04/09/2015',44,250000.0000,X'5061676F2043756F74612065787472616F7264696E617269612C207920706C6174612073656D616E61'),
	(183,'14800275','04/09/2015',43,250000.0000,X'5061676F207472616E73636F7276616C6C65'),
	(184,'14800275','04/14/2015',40,9900.0000,X'42616E636F6C6F6D626961'),
	(185,'14800275','04/21/2015',44,582129.1100,X'416A75737465'),
	(186,'14800275','04/22/2015',30,60536.8900,''),
	(187,'14800275','04/22/2015',1,4047000.0000,''),
	(188,'14800275','04/22/2015',2,920000.0000,''),
	(189,'14800275','04/22/2015',14,920000.0000,''),
	(190,'14800275','04/22/2015',11,593916.0000,''),
	(191,'14800275','04/22/2015',19,1386326.0000,''),
	(192,'14800275','04/18/2015',42,100000.0000,X'4176616E63652043616A65726F'),
	(193,'14800275','04/16/2015',42,100000.0000,X'5072657374616D6F2042656E69676E6F20416C666F6E736F'),
	(194,'1037594925','04/15/2015',46,1545000.0000,''),
	(195,'14800275','04/22/2015',7,161880.0000,''),
	(196,'14800275','04/22/2015',8,161880.0000,''),
	(197,'14800275','04/22/2015',9,40470.0000,''),
	(198,'14800275','04/22/2015',10,18000.0000,''),
	(199,'1037594925','04/15/2015',87,80000.0000,X'416C63616E636961'),
	(200,'1037594925','04/15/2015',52,61800.0000,''),
	(201,'1037594925','04/15/2015',53,61800.0000,''),
	(202,'1037594925','04/15/2015',56,210740.0000,''),
	(203,'1037594925','04/15/2015',54,15450.0000,''),
	(204,'14800275','04/22/2015',18,528122.0000,''),
	(205,'14800275','04/22/2015',15,244498.0000,X'436F6F7065726174697661202B20504150'),
	(206,'1037594925','04/15/2015',67,15975.0000,''),
	(207,'1037594925','04/15/2015',66,86000.0000,X'31302E303030204465206DC3A17320706F72207472616E7361636369C3B26E'),
	(208,'1037594925','04/15/2015',65,87769.0000,''),
	(209,'14800275','04/22/2015',33,100000.0000,X'50415020436F6F6D657661'),
	(210,'14800275','04/22/2015',33,920000.0000,X'50726F74656363696F6E'),
	(211,'1037594925','04/15/2015',63,499724.0000,''),
	(212,'14800275','04/22/2015',17,163502.0000,''),
	(213,'14800275','04/22/2015',44,100000.0000,X'5061676F2042656E69676E6F'),
	(214,'1037594925','04/17/2015',89,230000.0000,X'50617361706F727465'),
	(215,'14800275','04/22/2015',22,71000.0000,''),
	(216,'1037594925','04/15/2015',89,137000.0000,X'37302E303030205472616D6974652050617361706F7274652E0D0A35372E30303020476173746F73'),
	(217,'14800275','04/22/2015',32,3680000.0000,''),
	(218,'1037594925','04/21/2015',60,136000.0000,''),
	(219,'14800275','04/22/2015',44,200000.0000,X'5061676F205A6F7261696461'),
	(220,'14800275','04/22/2015',44,154000.0000,X'5061676F20436F6F6D657661205061747269636961202C204375616472652070617361706F727465'),
	(221,'1037594925','04/15/2015',89,66000.0000,X'416C6D7565727A6F73'),
	(222,'1037594925','04/15/2015',86,16227.0000,''),
	(223,'14800275','04/22/2015',23,17160.0000,X'4E756D65726F20646520436F6D70726F62616E7465203639313637'),
	(224,'1037594925','04/30/2015',46,1545000.0000,''),
	(225,'1037594925','04/30/2015',52,61800.0000,''),
	(226,'1037594925','04/30/2015',53,61800.0000,''),
	(227,'1037594925','04/30/2015',56,211519.0000,''),
	(228,'1037594925','04/30/2015',54,15196.0000,''),
	(229,'1037594925','04/30/2015',67,15450.0000,''),
	(230,'1037594925','04/30/2015',62,345000.0000,''),
	(231,'1037594925','04/30/2015',61,209981.0000,''),
	(232,'1037594925','04/30/2015',69,363000.0000,''),
	(233,'1037594925','04/30/2015',89,190000.0000,''),
	(234,'1037594925','04/30/2015',89,66000.0000,X'416C6D7565727A6F73'),
	(235,'1037594925','05/15/2015',46,1545000.0000,''),
	(236,'1037594925','05/15/2015',63,499724.0000,X'42616E636F206465204F63636964656E7465'),
	(237,'1037594925','05/15/2015',60,235895.0000,X'41686F72726F203130302E303030'),
	(238,'1037594925','05/15/2015',78,100000.0000,X'50415020436F6F6D657661'),
	(239,'1037594925','05/15/2015',66,76000.0000,X'436F6D70726F62616E74652031333430382031342D3035'),
	(240,'1037594925','05/15/2015',65,93582.0000,''),
	(241,'1037594925','05/15/2015',66,789.0000,X'31323034312C2072656369626F206665726E616E646F20626C616E636F'),
	(242,'1037594925','05/15/2015',89,37364.0000,X'6D65726361646F2031342D3035'),
	(243,'1037594925','05/15/2015',56,211600.0000,''),
	(244,'1037594925','05/15/2015',52,61800.0000,''),
	(245,'1037594925','05/15/2015',53,61800.0000,''),
	(246,'1037594925','05/15/2015',54,15196.0000,''),
	(247,'1037594925','05/15/2015',67,15450.0000,''),
	(248,'1037594925','05/15/2015',89,50000.0000,X'63756D706C6561C3B16F73206A61696D6520646F6D696E6775657A'),
	(249,'1037594925','05/15/2015',89,100000.0000,X'616C6D7565727A6F73203138'),
	(250,'14800275','05/22/2015',1,4047000.0000,''),
	(251,'14800275','05/22/2015',7,161880.0000,''),
	(252,'14800275','05/22/2015',8,161880.0000,''),
	(253,'14800275','05/22/2015',9,40470.0000,''),
	(254,'14800275','05/22/2015',11,593916.0000,''),
	(255,'14800275','05/22/2015',10,18000.0000,''),
	(256,'14800275','05/22/2015',30,885.0700,''),
	(257,'14800275','05/21/2015',40,9900.0000,''),
	(258,'14800275','05/21/2015',43,140000.0000,X'56656E7461204D496669'),
	(259,'14800275','05/21/2015',44,395997.8200,''),
	(260,'14800275','05/22/2015',2,920000.0000,''),
	(261,'14800275','05/22/2015',14,920000.0000,''),
	(262,'14800275','05/22/2015',11,1395000.0000,''),
	(263,'14800275','05/22/2015',33,920000.0000,X'50726F74656363696F6E'),
	(264,'14800275','05/22/2015',32,4600000.0000,X'50726F74656363696F6E'),
	(265,'14800275','05/22/2015',32,100000.0000,X'50617020636F6F6D657661'),
	(266,'14800275','05/22/2015',43,40000.0000,X'526567616C6F20697469732063756D706C6561C3B16F73'),
	(267,'14800275','05/23/2015',15,244498.0000,X'504150202B20436F6F7065726174697661'),
	(268,'14800275','05/23/2015',33,100000.0000,X'50415020436F6F6D657661'),
	(269,'14800275','05/23/2015',17,835782.0000,X'436F6F6D657661'),
	(270,'14800275','05/23/2015',44,200000.0000,X'446FC3B161205A6F7261696461'),
	(271,'14800275','05/23/2015',23,14612.0000,''),
	(272,'14800275','05/23/2015',22,70188.8400,X'436C61726F2043656C756C6172'),
	(273,'14800275','05/23/2015',44,118700.0000,X'41727265676C6F20416C61726D6120436172726F2034303830300D0A416C6D7565727A6F2034303830300D0A506172717565616465726F20323030300D0A50727565626120646520656D626172617A6F20353130300D0A41727265676C6F206465204D616C6574696E203330303030'),
	(274,'1037594925','05/31/2015',46,1545000.0000,''),
	(275,'1037594925','05/31/2015',52,61800.0000,''),
	(276,'1037594925','05/31/2015',53,61800.0000,''),
	(277,'1037594925','05/31/2015',62,542000.0000,''),
	(278,'1037594925','05/31/2015',69,380141.0000,''),
	(279,'1037594925','05/31/2015',56,211519.0000,''),
	(280,'1037594925','05/31/2015',54,15196.0000,''),
	(281,'1037594925','05/31/2015',67,15450.0000,''),
	(282,'1037594925','05/31/2015',61,209081.0000,''),
	(283,'1037594925','05/31/2015',89,37859.0000,''),
	(284,'1037594925','05/31/2015',86,10259.0000,''),
	(285,'1037594925','05/31/2015',75,5300.0000,''),
	(286,'14800275','06/17/2015',44,222414.3100,X'416A7573746520676173746F206D656E7375616C'),
	(287,'14800275','06/17/2015',44,2746800.0000,X'436F6D70726120646520746971756574657320555341'),
	(288,'14800275','06/17/2015',31,4346000.0000,X'52657469726F2070726F74656363696F6E'),
	(289,'14800275','06/17/2015',35,254000.0000,X'526574656E63696F6E2070726F74656363696F6E'),
	(290,'14800275','06/17/2015',34,4346000.0000,X'52657469726F2050726F74656363696F6E'),
	(291,'14800275','06/17/2015',17,1465357.8300,X'5061676F20416E746963697061646F205443'),
	(292,'14800275','06/17/2015',44,133842.1700,X'416A75737465'),
	(293,'14800275','06/22/2015',1,4047000.0000,''),
	(294,'14800275','06/22/2015',5,2011592.0000,''),
	(295,'14800275','06/22/2015',2,920000.0000,''),
	(296,'14800275','06/22/2015',14,920000.0000,''),
	(297,'14800275','06/22/2015',11,593916.0000,''),
	(298,'14800275','06/22/2015',7,161880.0000,''),
	(299,'14800275','06/22/2015',8,161880.0000,''),
	(300,'14800275','06/22/2015',9,40470.0000,''),
	(301,'14800275','06/22/2015',10,18000.0000,''),
	(302,'14800275','06/23/2015',44,66237.0000,X'4D65726361646F'),
	(303,'14800275','06/22/2015',19,1395000.0000,''),
	(304,'14800275','06/22/2015',18,528122.0000,''),
	(305,'14800275','06/22/2015',15,235790.0000,X'4D65646963696E61207072657061676164612C205041502C20436F6F70657261746976612064652050617469636F'),
	(306,'14800275','06/22/2015',20,97363.0000,''),
	(307,'14800275','06/22/2015',23,14910.0000,''),
	(308,'14800275','06/22/2015',22,69900.0000,''),
	(309,'14800275','06/22/2015',44,20400.0000,X'50697A7A61'),
	(310,'14800275','06/22/2015',44,1300000.0000,X'53616C612D436F6D65646F72'),
	(311,'14800275','06/22/2015',17,313932.6700,''),
	(312,'14800275','06/22/2015',15,244498.3300,X'5041502C20436F6F7065726174697661'),
	(313,'14800275','06/22/2015',44,70000.0000,X'416C6D7565727A6F2070617469636F20706F7220646575646120707265766961'),
	(314,'14800275','06/22/2015',44,130000.0000,''),
	(315,'14800275','06/22/2015',30,10543.9200,''),
	(316,'14800275','06/22/2015',44,100000.0000,X'5061676F207072657374616D6F732042656E69676E6F20416C666F6E736F2053616E20416E64726573'),
	(317,'14800275','06/22/2015',33,920000.0000,X'50726F74656363696F6E'),
	(318,'14800275','06/22/2015',32,920000.0000,X'50726F74656363696F6E'),
	(319,'14800275','06/22/2015',32,200000.0000,X'50415020436F6F6D657661'),
	(320,'14800275','06/22/2015',33,100000.0000,X'50415020436F6F6D657661'),
	(321,'1037594925','06/15/2015',46,1545000.0000,''),
	(322,'1037594925','06/15/2015',75,4726.0000,''),
	(323,'1037594925','06/22/2015',77,100000.0000,''),
	(324,'1037594925','06/15/2015',50,1416250.0000,''),
	(325,'1037594925','06/15/2015',52,61800.0000,''),
	(326,'1037594925','06/15/2015',53,61800.0000,''),
	(327,'1037594925','06/22/2015',56,1626990.0000,''),
	(328,'1037594925','06/15/2015',54,15450.0000,''),
	(329,'1037594925','06/15/2015',67,15975.0000,''),
	(330,'1037594925','06/15/2015',66,76000.0000,''),
	(331,'1037594925','06/15/2015',65,97363.0000,''),
	(332,'1037594925','06/15/2015',63,499724.0000,''),
	(333,'1037594925','06/15/2015',89,188647.0000,''),
	(334,'1037594925','06/15/2015',60,235790.0000,''),
	(335,'1037594925','06/22/2015',89,70000.0000,X'416C6D7565727A6F73'),
	(336,'1037594925','06/15/2015',86,16227.0000,''),
	(337,'1037594925','06/15/2015',78,100000.0000,''),
	(338,'14800275','06/24/2015',43,250000.0000,X'54726162616A6F2079756D626F205061747269636961'),
	(339,'14800275','06/24/2015',44,52708.0000,X'41626F6E6F204C6C616E74617320636172726F'),
	(340,'14800275','06/26/2015',44,300000.0000,X'5472616E73616363696F6E2061204A6F65'),
	(341,'1037594925','06/30/2015',75,5536.0000,''),
	(342,'1037594925','06/30/2015',46,1442000.0000,X'446573636F6E7461726F6E20756E2064696120706F72207669616A6520612073616E20616E64726573'),
	(343,'1037594925','06/30/2015',50,120167.0000,X'53616C646F206465206C61207072696D612064656C20313520616C203330206465204A756E696F'),
	(344,'1037594925','06/30/2015',52,57680.0000,''),
	(345,'1037594925','06/30/2015',53,57680.0000,''),
	(346,'1037594925','06/30/2015',56,210740.0000,''),
	(347,'1037594925','06/30/2015',54,14420.0000,''),
	(348,'1037594925','06/30/2015',67,15450.0000,''),
	(349,'1037594925','06/30/2015',89,42345.0000,X'50617374617320506C616E696669636172'),
	(350,'1037594925','06/30/2015',62,175000.0000,X'7061676F206D696E696D6F'),
	(351,'1037594925','06/30/2015',61,209081.0000,''),
	(352,'1037594925','06/30/2015',69,363535.0000,''),
	(353,'1037594925','06/30/2015',89,105000.0000,X'43756F74612046696E6361'),
	(354,'1037594925','06/30/2015',89,236052.0000,''),
	(355,'1037594925','06/30/2015',89,80540.0000,X'4D65726361646F'),
	(356,'1037594925','07/15/2015',46,1545000.0000,''),
	(357,'1037594925','07/15/2015',52,61800.0000,''),
	(358,'1037594925','07/15/2015',53,61800.0000,''),
	(359,'1037594925','07/15/2015',56,210740.0000,''),
	(360,'1037594925','07/15/2015',54,14420.0000,''),
	(361,'1037594925','07/15/2015',67,15450.0000,''),
	(362,'1037594925','07/15/2015',66,76000.0000,''),
	(363,'1037594925','07/15/2015',68,12378.0000,''),
	(364,'1037594925','07/15/2015',65,84775.0000,''),
	(365,'1037594925','07/15/2015',63,499724.0000,''),
	(366,'1037594925','07/15/2015',60,236000.0000,''),
	(367,'1037594925','07/15/2015',89,60000.0000,X'416C6D7565727A6F73'),
	(368,'1037594925','07/15/2015',86,16227.0000,''),
	(369,'1037594925','07/15/2015',70,47405.0000,''),
	(370,'1037594925','07/15/2015',89,132871.0000,X'5669616A652074756C75612C2043696E6520496E74656E73616D656E74652C20476173746F7320566172696F73'),
	(371,'1037594925','07/15/2015',89,15400.0000,''),
	(372,'1037594925','07/15/2015',78,100000.0000,''),
	(373,'1037594925','07/15/2015',77,200000.0000,''),
	(374,'14800275','07/22/2015',1,4047000.0000,''),
	(375,'14800275','07/22/2015',2,920000.0000,''),
	(376,'14800275','07/22/2015',14,920000.0000,''),
	(377,'14800275','07/22/2015',11,593916.0000,''),
	(378,'14800275','07/22/2015',7,161880.0000,''),
	(379,'14800275','07/22/2015',8,161880.0000,''),
	(380,'14800275','07/22/2015',9,40470.0000,''),
	(381,'14800275','07/22/2015',10,18000.0000,''),
	(382,'14800275','07/24/2015',15,1041202.0000,''),
	(383,'14800275','07/24/2015',22,71055.0000,''),
	(384,'14800275','07/24/2015',44,150000.0000,X'5A6F726179646120476F6D657A'),
	(385,'14800275','07/23/2015',19,1395000.0000,''),
	(386,'14800275','07/26/2015',44,239943.0000,''),
	(387,'14800275','07/22/2015',30,10863.4800,''),
	(388,'14800275','07/22/2015',32,1840000.0000,X'50726F74656363696F6E'),
	(389,'14800275','07/22/2015',32,300000.0000,X'436F6F6D657661'),
	(390,'14800275','07/22/2015',33,920000.0000,X'50726F74656363696F6E'),
	(391,'14800275','07/22/2015',33,100000.0000,X'436F6F6D657661'),
	(392,'1037594925','07/31/2015',46,1545000.0000,''),
	(393,'1037594925','07/31/2015',52,61800.0000,''),
	(394,'1037594925','07/31/2015',53,61800.0000,''),
	(395,'1037594925','07/31/2015',56,210740.0000,''),
	(396,'1037594925','07/31/2015',89,82345.0000,X'50617374617320706C616E6966696361722C20476F746173204F6A6F73'),
	(397,'1037594925','07/31/2015',62,260000.0000,''),
	(398,'1037594925','07/31/2015',61,209081.0000,''),
	(399,'1037594925','07/31/2015',69,363535.0000,''),
	(400,'1037594925','07/31/2015',89,213800.0000,''),
	(401,'1037594925','07/31/2015',89,50000.0000,X'416C6D7565727A6F73'),
	(402,'1037594925','07/31/2015',54,15450.0000,''),
	(403,'1037594925','07/31/2015',67,15975.0000,''),
	(404,'14800275','08/22/2015',1,4047000.0000,''),
	(405,'14800275','08/22/2015',2,920000.0000,''),
	(406,'14800275','08/22/2015',13,920000.0000,''),
	(407,'14800275','08/22/2015',7,161880.0000,''),
	(408,'14800275','08/22/2015',8,161880.0000,''),
	(409,'14800275','08/22/2015',9,40470.0000,''),
	(410,'14800275','08/22/2015',10,18000.0000,''),
	(411,'14800275','08/22/2015',11,593916.0000,''),
	(412,'14800275','08/22/2015',44,200000.0000,X'5A6F7261696461'),
	(413,'14800275','08/22/2015',18,1395000.0000,X'43617361'),
	(414,'14800275','08/22/2015',18,1054000.0000,X'436172726F'),
	(415,'14800275','08/22/2015',18,528122.0000,X'42616E636F6C6F6D626961'),
	(416,'1037594925','08/21/2015',87,250000.0000,X'54726162616A6F2059756D626F2D41706F72746520436172726F'),
	(417,'1037594925','08/15/2015',46,1545000.0000,''),
	(418,'1037594925','08/15/2015',52,61800.0000,''),
	(419,'1037594925','08/15/2015',53,61800.0000,''),
	(420,'1037594925','08/15/2015',54,15450.0000,''),
	(421,'1037594925','08/15/2015',67,15975.0000,''),
	(422,'1037594925','08/15/2015',56,223154.0000,''),
	(423,'1037594925','08/15/2015',66,76000.0000,''),
	(424,'1037594925','08/15/2015',65,89833.0000,''),
	(425,'1037594925','08/15/2015',63,499724.0000,''),
	(426,'1037594925','08/15/2015',89,74045.0000,''),
	(427,'1037594925','08/15/2015',89,117193.0000,X'4D65726361646F'),
	(428,'1037594925','08/15/2015',60,236000.0000,''),
	(429,'1037594925','08/15/2015',78,100000.0000,''),
	(430,'1037594925','08/15/2015',77,300000.0000,''),
	(431,'1037594925','08/15/2015',89,60000.0000,X'416C6D7565727A6F73'),
	(432,'1037594925','08/15/2015',86,16924.0000,''),
	(433,'1037594925','08/21/2015',89,250000.0000,X'41706F796F20436172726F'),
	(434,'14800275','08/21/2015',44,184517.4800,X'416A75737465204D6573'),
	(435,'14800275','08/21/2015',34,1840000.0000,X'50726F74656363696F6E'),
	(436,'14800275','08/22/2015',32,920000.0000,X'50726F74656363696F6E'),
	(437,'14800275','08/22/2015',32,400000.0000,X'436F6F6D657661'),
	(438,'14800275','08/22/2015',33,100000.0000,X'436F6F6D657661'),
	(439,'14800275','08/22/2015',33,920000.0000,X'50726F74656363696F6E'),
	(440,'14800275','08/22/2015',43,1522366.0000,X'4175746F706F63696669636F206465766F6C756369C3B36E2064696E65726F20636172726F'),
	(441,'14800275','08/22/2015',17,1363967.0000,X'436F6F6D6576612056697361'),
	(442,'14800275','08/22/2015',15,158399.0000,''),
	(443,'14800275','08/22/2015',43,250000.0000,X'41706F7274652050617469636F'),
	(444,'14800275','08/22/2015',22,70123.0000,X'436C61726F'),
	(445,'14800275','08/22/2015',23,15481.0000,''),
	(446,'1037594925','08/31/2015',46,1545000.0000,''),
	(447,'1037594925','08/31/2015',52,61800.0000,''),
	(448,'1037594925','08/31/2015',53,61800.0000,''),
	(449,'1037594925','08/31/2015',54,15450.0000,''),
	(450,'1037594925','08/31/2015',67,15975.0000,''),
	(451,'1037594925','08/31/2015',56,210740.0000,''),
	(452,'1037594925','08/31/2015',89,41000.0000,X'506173746173'),
	(453,'1037594925','08/31/2015',62,350000.0000,''),
	(454,'1037594925','08/31/2015',61,209081.0000,''),
	(455,'1037594925','08/31/2015',69,363535.0000,''),
	(456,'1037594925','08/31/2015',89,60000.0000,X'416C6D7565727A6F73'),
	(457,'1037594925','08/31/2015',89,150000.0000,X'476173746F7320766172696F732C20616C6D7565727A6F732063686971756973'),
	(458,'1037594925','09/15/2015',46,1545000.0000,''),
	(459,'1037594925','09/15/2015',52,61800.0000,''),
	(460,'1037594925','09/15/2015',53,61800.0000,''),
	(461,'1037594925','09/15/2015',54,15450.0000,''),
	(462,'1037594925','09/15/2015',67,15975.0000,''),
	(463,'1037594925','09/15/2015',66,76000.0000,''),
	(464,'1037594925','09/15/2015',65,89320.0000,''),
	(465,'1037594925','09/15/2015',68,14688.0000,''),
	(466,'1037594925','09/15/2015',86,17313.0000,''),
	(467,'1037594925','09/15/2015',60,255226.0000,''),
	(468,'1037594925','09/15/2015',78,100000.0000,''),
	(469,'1037594925','09/15/2015',89,60000.0000,X'416C6D7565727A6F73'),
	(470,'1037594925','09/15/2015',89,85000.0000,X'4D65726361646F'),
	(471,'1037594925','09/15/2015',89,50000.0000,''),
	(472,'1037594925','09/15/2015',63,499724.0000,''),
	(473,'1037594925','09/15/2015',56,223154.0000,''),
	(474,'1037594925','09/15/2015',77,400000.0000,''),
	(475,'14800275','09/15/2015',42,520000.0000,X'5061676F205472616E73636F7276616C6C65'),
	(476,'14800275','09/15/2015',44,430000.0000,X'4465636C6172616369C3B36E2052656E74612C20526567616C6F205069657272652C20566172696F73'),
	(477,'14800275','09/22/2015',30,148120.0000,''),
	(478,'14800275','09/22/2015',1,4047000.0000,''),
	(479,'14800275','09/22/2015',2,920000.0000,''),
	(480,'14800275','09/22/2015',14,920000.0000,X'50726F74656363696F6E'),
	(481,'14800275','09/22/2015',32,1840000.0000,X'50726F74656363696F6E'),
	(482,'14800275','09/22/2015',33,920000.0000,X'50726F74656363696F6E'),
	(483,'14800275','09/22/2015',32,500000.0000,X'436F6F6D657661'),
	(484,'14800275','09/22/2015',33,100000.0000,X'436F6F6D657661'),
	(485,'14800275','09/22/2015',7,161880.0000,''),
	(486,'14800275','09/22/2015',8,161880.0000,''),
	(487,'14800275','09/22/2015',9,40470.0000,''),
	(488,'14800275','09/22/2015',10,18000.0000,''),
	(489,'14800275','09/22/2015',11,593916.0000,''),
	(490,'14800275','09/22/2015',19,1395000.0000,X'43617361'),
	(491,'14800275','09/22/2015',22,69900.0000,''),
	(492,'14800275','09/22/2015',18,1054000.0000,X'436172726F'),
	(493,'14800275','09/22/2015',18,528122.0000,X'42616E636F6C6F6D626961'),
	(494,'14800275','09/22/2015',44,200000.0000,X'5A6F7261696461'),
	(495,'14800275','09/22/2015',44,46233.0000,''),
	(496,'14800275','09/22/2015',17,1264404.9100,''),
	(497,'14800275','09/22/2015',15,161141.0000,''),
	(498,'14800275','09/22/2015',34,1840000.0000,X'50726F74656363696F6E'),
	(499,'14800275','09/22/2015',42,1570000.0000,X'52657469726F2061686F72726F732050726F74656363696F6E'),
	(503,'1037594925','10/01/2015',46,1545000.0000,''),
	(500,'14800275','09/29/2015',42,1187832.0000,X'5265696E746567726F2049746973204372656469746F204C696272616E7A61'),
	(501,'14800275','09/26/2015',17,500000.0000,X'7061676F206578747261'),
	(502,'14800275','09/30/2015',44,200000.0000,X'436F6D70726120446F6C61726573'),
	(504,'1037594925','10/01/2015',52,61800.0000,''),
	(505,'1037594925','10/01/2015',53,61800.0000,''),
	(506,'1037594925','10/01/2015',54,15450.0000,''),
	(507,'1037594925','10/01/2015',67,15975.0000,''),
	(508,'1037594925','10/01/2015',89,41000.0000,X'506173746173'),
	(509,'1037594925','10/01/2015',62,205000.0000,''),
	(510,'1037594925','10/01/2015',69,363535.0000,''),
	(511,'1037594925','10/01/2015',89,80000.0000,X'4D65726361646F0D0A'),
	(512,'1037594925','10/01/2015',89,60000.0000,X'416C6D7565727A6F73'),
	(513,'1037594925','10/01/2015',89,87000.0000,X'446F6C61726573'),
	(514,'1037594925','10/01/2015',89,80000.0000,''),
	(515,'1037594925','10/01/2015',56,223155.0000,''),
	(516,'1037594925','10/01/2015',61,209085.0000,''),
	(517,'1037594925','10/15/2015',46,1545000.0000,''),
	(518,'1037594925','10/15/2015',52,61800.0000,''),
	(519,'1037594925','10/15/2015',53,61800.0000,''),
	(520,'1037594925','10/15/2015',54,15450.0000,''),
	(521,'1037594925','10/15/2015',56,223154.0000,''),
	(522,'1037594925','10/15/2015',86,17313.0000,''),
	(523,'1037594925','10/15/2015',89,40000.0000,X'416C6D7565727A6F73'),
	(524,'1037594925','10/15/2015',89,60000.0000,''),
	(525,'1037594925','10/15/2015',63,499724.0000,''),
	(526,'1037594925','10/15/2015',66,76000.0000,''),
	(527,'1037594925','10/15/2015',65,93372.0000,''),
	(528,'1037594925','10/15/2015',60,255226.0000,''),
	(529,'1037594925','10/15/2015',77,500000.0000,''),
	(530,'1037594925','10/15/2015',78,100000.0000,''),
	(531,'1037594925','10/18/2015',68,18501.0000,''),
	(532,'1037594925','10/18/2015',89,65000.0000,''),
	(533,'14800275','10/21/2015',44,558005.0900,X'416A75737465206D6573'),
	(534,'14800275','10/22/2015',1,4047000.0000,''),
	(535,'14800275','10/22/2015',2,920000.0000,''),
	(536,'14800275','10/22/2015',14,920000.0000,''),
	(537,'14800275','10/22/2015',7,161880.0000,''),
	(538,'14800275','10/22/2015',8,161880.0000,''),
	(539,'14800275','10/22/2015',9,40470.0000,''),
	(540,'14800275','10/22/2015',10,18000.0000,''),
	(541,'14800275','10/25/2015',44,200000.0000,X'5061676F20446FC3B161205A6F7261696461'),
	(542,'14800275','10/22/2015',32,600000.0000,X'436F6F6D657661'),
	(543,'14800275','10/22/2015',33,100000.0000,X'436F6F6D657661'),
	(544,'14800275','10/22/2015',34,788018.0000,X'50726F74656363696F6E'),
	(545,'14800275','10/22/2015',35,131982.0000,X'50726F74656363696F6E'),
	(546,'14800275','10/22/2015',32,920000.0000,X'50726F74656363696F6E'),
	(547,'14800275','10/22/2015',33,920000.0000,X'50726F74656363696F6E'),
	(548,'14800275','10/22/2015',43,788018.0000,X'696E677265736F2061686F72726F732070726F74656363696F6E'),
	(549,'14800275','10/22/2015',18,1054000.0000,X'4372656469746F20436172726F'),
	(550,'14800275','10/22/2015',19,1395000.0000,X'43617361'),
	(551,'14800275','10/22/2015',15,161140.0000,''),
	(552,'14800275','10/22/2015',17,1449157.0000,X'436F6F6D657661'),
	(553,'14800275','10/22/2015',18,528122.0000,X'42616E636F6C6F6D626961'),
	(554,'14800275','11/21/2015',43,334631.0000,X'416A75737465206D6573'),
	(555,'14800275','11/22/2015',1,1079200.0000,''),
	(556,'14800275','11/22/2015',4,3333440.0000,''),
	(557,'14800275','11/22/2015',2,910000.0000,''),
	(558,'14800275','11/22/2015',7,176506.0000,''),
	(559,'14800275','11/22/2015',8,176506.0000,''),
	(560,'14800275','11/22/2015',9,44126.0000,''),
	(561,'14800275','11/16/2015',10,68000.0000,''),
	(562,'14800275','11/22/2015',14,920000.0000,''),
	(563,'14800275','11/22/2015',44,150000.0000,X'5A6F7261696461'),
	(564,'14800275','11/22/2015',32,700000.0000,X'436F6F6D657661'),
	(565,'14800275','11/22/2015',33,100000.0000,''),
	(566,'14800275','11/22/2015',33,920000.0000,''),
	(567,'14800275','11/22/2015',34,789000.0000,X'50726F74656363696F6E'),
	(568,'14800275','11/22/2015',35,131000.0000,''),
	(569,'14800275','11/22/2015',44,20000.0000,X'4A617264696E65726F'),
	(570,'14800275','11/22/2015',18,1054000.0000,X'4372656469746F20436172726F'),
	(571,'14800275','11/22/2015',19,1395000.0000,''),
	(572,'14800275','11/22/2015',15,161140.0000,''),
	(573,'14800275','11/22/2015',17,983063.0000,X'436F6F6D657661'),
	(574,'14800275','11/22/2015',18,528122.0000,''),
	(575,'14800275','11/22/2015',42,285823.0000,X'446F6C617265732064656C207669616A65'),
	(576,'1037594925','10/31/2015',46,1407640.0000,X'496E636170616369646164'),
	(577,'1037594925','10/31/2015',52,56306.0000,''),
	(578,'1037594925','10/31/2015',53,56306.0000,''),
	(579,'1037594925','10/31/2015',54,14076.0000,''),
	(580,'1037594925','10/31/2015',56,223154.0000,''),
	(581,'1037594925','10/31/2015',62,233000.0000,''),
	(582,'1037594925','10/31/2015',61,209080.0000,''),
	(583,'1037594925','10/31/2015',69,363135.0000,''),
	(584,'1037594925','10/31/2015',89,80000.0000,''),
	(585,'1037594925','10/31/2015',89,172183.0000,X'41686F72726F207369677569656E7465207175696E63656E61'),
	(586,'1037594925','11/15/2015',87,172183.0000,X'41686F72726F207175696E63656E6120706173616461'),
	(587,'1037594925','11/15/2015',46,206000.0000,''),
	(588,'1037594925','11/15/2015',49,2266000.0000,''),
	(589,'1037594925','11/15/2015',52,98880.0000,''),
	(590,'1037594925','11/15/2015',53,98880.0000,''),
	(591,'1037594925','11/15/2015',56,233154.0000,''),
	(592,'1037594925','11/15/2015',54,15450.0000,''),
	(593,'1037594925','11/15/2015',66,76000.0000,''),
	(594,'1037594925','11/15/2015',65,102474.0000,''),
	(595,'1037594925','11/15/2015',68,18542.0000,''),
	(596,'1037594925','11/15/2015',63,499724.0000,''),
	(597,'1037594925','11/15/2015',89,625005.0000,''),
	(598,'1037594925','11/15/2015',60,255226.0000,''),
	(599,'1037594925','11/15/2015',86,17313.0000,''),
	(600,'1037594925','11/22/2015',77,600000.0000,''),
	(601,'1037594925','11/15/2015',78,100000.0000,''),
	(602,'1037594925','11/15/2015',62,250000.0000,X'5061676F20616E746963697061646F'),
	(603,'1037594925','11/15/2015',69,363535.0000,X'5061676F206164656C616E7461646F'),
	(604,'1037594925','11/30/2015',46,618000.0000,''),
	(605,'1037594925','11/30/2015',52,24720.0000,''),
	(606,'1037594925','11/30/2015',53,24720.0000,''),
	(607,'1037594925','11/30/2015',56,223154.0000,''),
	(608,'1037594925','11/30/2015',54,15450.0000,''),
	(609,'1037594925','11/30/2015',61,209081.0000,''),
	(610,'1037594925','11/30/2015',89,70875.0000,''),
	(611,'1037594925','11/30/2015',89,50000.0000,X'416C6D7565727A6F73'),
	(612,'1037594925','12/15/2015',46,1545000.0000,''),
	(613,'1037594925','12/15/2015',49,1416250.0000,''),
	(614,'1037594925','12/15/2015',52,61800.0000,''),
	(615,'1037594925','12/15/2015',53,61800.0000,''),
	(616,'1037594925','12/15/2015',56,223146.0000,''),
	(617,'1037594925','12/15/2015',54,16070.0000,''),
	(618,'1037594925','12/15/2015',57,18600.0000,X'4578616D656E2064652073616E677265'),
	(619,'1037594925','12/15/2015',65,79050.0000,''),
	(620,'1037594925','12/15/2015',68,10213.0000,''),
	(621,'1037594925','12/15/2015',89,1000000.0000,X'43756F746120657874726120636172726F'),
	(622,'1037594925','12/15/2015',89,220000.0000,X'507265706167616461'),
	(623,'1037594925','12/15/2015',86,17313.0000,''),
	(624,'1037594925','12/15/2015',89,170000.0000,X'726567616C6F207061706173206E69C3B16F2064696F7320737061'),
	(625,'1037594925','12/19/2015',89,370000.0000,X'41727265676C6F2063656C756C61722C20476173746F732066696E2064652073656D616E612C20446FC3B161204C757A'),
	(626,'1037594925','12/21/2015',89,18500.0000,X'506173746173'),
	(627,'1037594925','12/17/2015',89,63397.0000,X'4D65726361646F'),
	(628,'1037594925','12/17/2015',89,29000.0000,X'436F6D696461206172657065726961'),
	(629,'1037594925','12/17/2015',89,29000.0000,X'416D69676F207365637265746F'),
	(630,'1037594925','12/17/2015',89,25415.0000,X'4578616D656E6573206C61626F7261746F72696F20696D62616E61636F'),
	(631,'1037594925','12/17/2015',89,39900.0000,X'5A617061746F73'),
	(632,'1037594925','12/15/2015',89,21400.0000,X'436F6D69646120'),
	(633,'1037594925','12/15/2015',89,43000.0000,X'566172696F73'),
	(634,'1037594925','12/15/2015',89,130000.0000,X'426C757361207920436F6C6C6172'),
	(635,'14800275','12/22/2015',1,4047000.0000,''),
	(636,'14800275','12/22/2015',2,920000.0000,''),
	(637,'14800275','12/22/2015',5,2023500.0000,''),
	(638,'14800275','12/22/2015',14,920000.0000,''),
	(639,'14800275','12/22/2015',7,161880.0000,''),
	(640,'14800275','12/22/2015',8,161880.0000,''),
	(641,'14800275','12/22/2015',9,40470.0000,''),
	(642,'14800275','12/22/2015',10,18000.0000,''),
	(643,'14800275','12/22/2015',19,1395000.0000,''),
	(644,'14800275','12/22/2015',18,1053000.0000,X'4372656469746F20436172726F'),
	(645,'14800275','12/22/2015',44,1380000.0000,X'2D2D3E205061676F20707265736574616D6F207061726120436172726F2031206D696C6C6F6E0D0A2D2D3E205061676F20207061726120737065616B6572'),
	(646,'14800275','12/22/2015',44,400000.0000,X'5061676F205072657374616D6F204A6F652070617261207061676F20616E746963697061646F206465205461726A657461'),
	(647,'14800275','12/22/2015',12,365640.0000,X'4465736375656E746F20706F722065717569766F636163696F6E206465207061676F'),
	(648,'14800275','12/22/2015',44,150000.0000,X'5061676F20446FC3B161205A6F7261696461'),
	(649,'14800275','12/22/2015',22,178029.6600,X'5061676F20706C616E202B2054656C65666F6E6F'),
	(650,'14800275','12/22/2015',15,161635.0000,X'5061676F20636F6F706572617469766F202B20504150'),
	(651,'14800275','12/22/2015',32,0.0000,X'50726F74656363696F6E'),
	(652,'14800275','12/22/2015',32,800000.0000,X'50415020436F6F6D657661'),
	(653,'14800275','12/22/2015',33,100000.0000,X'50415020436F6F6D657661'),
	(654,'14800275','12/22/2015',18,528122.0000,X'42616E636F6C6F6D626961'),
	(655,'14800275','12/22/2015',33,920000.0000,X'50726F74656363696F6E'),
	(656,'14800275','12/22/2015',29,10000.0000,X'5061676F20656361726420706172612053706F74696679'),
	(657,'1037594925','12/17/2015',89,314000.0000,''),
	(658,'1037594925','12/31/2015',46,1545000.0000,''),
	(659,'1037594925','12/31/2015',52,61800.0000,''),
	(660,'1037594925','12/31/2015',53,61800.0000,''),
	(661,'1037594925','12/31/2015',54,15450.0000,''),
	(662,'1037594925','12/31/2015',61,209081.0000,''),
	(663,'1037594925','12/31/2015',69,383000.0000,''),
	(664,'1037594925','12/31/2015',89,300000.0000,X'41706F7274652063617361'),
	(665,'1037594925','12/31/2015',89,233000.0000,''),
	(666,'1037594925','12/31/2015',89,220000.0000,X'5072657061676164612053757261'),
	(667,'1037594925','12/31/2015',89,60000.0000,X'416C6D7565727A6F73'),
	(668,'1037594925','01/15/2016',46,1545000.0000,''),
	(669,'1037594925','01/15/2016',52,61800.0000,''),
	(670,'1037594925','01/15/2016',53,61800.0000,''),
	(671,'1037594925','01/15/2016',54,15450.0000,''),
	(672,'1037594925','01/15/2016',60,161031.0000,''),
	(673,'1037594925','01/15/2016',66,76000.0000,''),
	(674,'1037594925','01/15/2016',65,96019.0000,''),
	(675,'1037594925','01/15/2016',68,16158.0000,''),
	(676,'1037594925','01/15/2016',63,40000.0000,X'53616C646F207072657374616D6F206F63636964656E7465'),
	(677,'1037594925','01/15/2016',62,60000.0000,X'41626F6E6F'),
	(678,'1037594925','01/15/2016',63,618031.0000,X'42616E636F6C6F6D626961'),
	(679,'1037594925','01/15/2016',89,100000.0000,X'41706F7274652063617361'),
	(680,'1037594925','01/15/2016',89,110993.0000,''),
	(681,'1037594925','01/15/2016',86,17313.0000,''),
	(682,'1037594925','12/16/2015',77,700000.0000,''),
	(683,'1037594925','12/16/2015',78,100000.0000,''),
	(684,'1037594925','01/16/2016',77,800000.0000,''),
	(685,'1037594925','01/16/2016',78,100000.0000,''),
	(686,'1037594925','02/15/2016',46,1606800.0000,X'496E6372656D656E746F2064656C203425'),
	(687,'1037594925','02/15/2016',52,64272.0000,''),
	(688,'1037594925','02/15/2016',53,64272.0000,''),
	(689,'1037594925','02/15/2016',54,15886.0000,''),
	(690,'1037594925','02/15/2016',66,76000.0000,''),
	(691,'1037594925','02/15/2016',65,99339.0000,''),
	(692,'1037594925','02/15/2016',68,23167.0000,''),
	(693,'1037594925','02/15/2016',63,618032.0000,''),
	(694,'1037594925','02/15/2016',89,90718.0000,X'4D65726361646F'),
	(695,'1037594925','02/15/2016',60,164439.0000,''),
	(696,'1037594925','02/15/2016',89,60000.0000,X'416C6D7565727A6F73'),
	(697,'1037594925','02/15/2016',86,17313.0000,''),
	(698,'1037594925','02/15/2016',89,30000.0000,X'43697461206D6564696361207365626173'),
	(699,'1037594925','02/15/2016',89,230000.0000,''),
	(700,'14800275','01/22/2016',6,485640.0000,''),
	(701,'14800275','01/22/2016',1,4047000.0000,''),
	(702,'14800275','01/22/2016',2,920000.0000,X'5461726A6574617320646520536F6465786F0D0A43616E61737461203D203536303030300D0A4761736F6C696E61203D20333630303030'),
	(703,'14800275','01/22/2016',8,161880.0000,''),
	(704,'14800275','01/22/2016',7,161880.0000,''),
	(705,'14800275','01/22/2016',9,40470.0000,''),
	(706,'14800275','01/22/2016',10,43000.0000,''),
	(707,'14800275','01/22/2016',19,1395000.0000,X'4170746F'),
	(708,'14800275','01/22/2016',18,1053000.0000,X'436172726F20547261636B6572'),
	(709,'14800275','01/22/2016',15,162086.0000,X'436F6F706572746976610D0A504150'),
	(710,'14800275','01/22/2016',17,900613.0000,X'544320436F6F6D657661'),
	(711,'14800275','01/22/2016',32,900000.0000,X'50415020436F6F6D657661'),
	(712,'14800275','01/22/2016',33,100000.0000,X'50415020436F6F6D657661'),
	(713,'14800275','01/22/2016',44,100000.0000,X'5061676F205A6F726169646120476F6D657A'),
	(714,'14800275','02/22/2016',30,17362.3900,X'42616E636F6C6F6D626961'),
	(715,'14800275','01/22/2016',22,71899.0000,X'436C61726F'),
	(716,'14800275','02/19/2016',27,83004.0000,''),
	(717,'14800275','02/08/2016',27,76000.0000,''),
	(718,'14800275','02/21/2016',44,200000.0000,X'416C696D656E746163696F6E'),
	(719,'14800275','01/22/2016',44,15000.0000,X'53706F74696679'),
	(720,'14800275','01/22/2016',44,210449.0000,X'4D65726361646F730D0A436F6D70726173200D0A476173746F7320566172696F73'),
	(721,'14800275','02/22/2016',45,760996.0000,''),
	(722,'14800275','02/22/2016',32,1000000.0000,X'50415020436F6F6D657661'),
	(723,'14800275','02/15/2016',43,528122.0000,X'5072657374616D6F2050617069'),
	(724,'14800275','02/15/2016',18,528122.0000,X'4372656469746F2042616E636F6C6F6D626961'),
	(725,'14800275','02/15/2016',37,4047000.0000,''),
	(726,'14800275','02/22/2016',36,4047000.0000,''),
	(727,'14800275','02/22/2016',1,4047000.0000,''),
	(728,'14800275','02/22/2016',7,161880.0000,''),
	(729,'14800275','02/22/2016',8,161880.0000,''),
	(730,'14800275','02/22/2016',9,40470.0000,''),
	(731,'14800275','02/22/2016',10,43000.0000,''),
	(732,'14800275','02/22/2016',19,1395000.0000,X'4E756D65726F204372656469746F20363030313031373230303233393535360D0A4E756D65726F20436F6D70726F62616E7465203D2030303030303338313533'),
	(733,'14800275','02/22/2016',18,1052000.0000,X'4372656469746F206465207665686963756C6F203D20353830313031363030333731383231360D0A4E756D65726F20646520436F6D70726F62616E7465203D2030303030303637393834'),
	(734,'14800275','02/22/2016',17,797794.0000,X'4E756D65726F20436F6D70726F62616E7465203D2030303030303433363731'),
	(735,'14800275','02/22/2016',2,920000.0000,''),
	(736,'1037594925','02/15/2016',78,100000.0000,''),
	(737,'1037594925','01/15/2016',89,110000.0000,''),
	(738,'1037594925','01/30/2016',75,12000.0000,''),
	(739,'1037594925','01/30/2016',46,1545000.0000,''),
	(740,'1037594925','01/30/2016',51,369760.0000,''),
	(741,'1037594925','01/30/2016',53,61800.0000,''),
	(742,'1037594925','01/30/2016',52,61800.0000,''),
	(743,'1037594925','01/30/2016',54,15450.0000,''),
	(744,'1037594925','01/30/2016',89,156500.0000,''),
	(745,'1037594925','01/30/2016',62,346800.0000,''),
	(746,'1037594925','01/30/2016',61,216028.0000,''),
	(747,'1037594925','01/30/2016',69,387892.0000,''),
	(748,'1037594925','01/30/2016',89,300000.0000,X'41706F7274652063617361'),
	(749,'1037594925','01/30/2016',52,220000.0000,X'5375726120507265706167616461'),
	(750,'1037594925','01/30/2016',89,65308.0000,X'4D65726361646F'),
	(751,'1037594925','01/30/2016',89,70000.0000,X'416C6D7565727A6F73'),
	(752,'1037594925','01/30/2016',89,25182.0000,''),
	(753,'1037594925','02/15/2016',77,900000.0000,''),
	(754,'14800275','02/23/2016',22,166362.0000,X'43656C756C6172202B20506C616E0D0A4E756D65726F20646520436F6E6669726D616369C3B36E3A203539323137'),
	(755,'14800275','02/27/2016',27,80000.0000,''),
	(756,'14800275','02/27/2016',44,150000.0000,X'5061676F205A6F726169646120476F6D657A'),
	(757,'14800275','02/27/2016',15,565100.0000,X'504150203130302E3030300D0A504150203430302E3030300D0A436F6F7065726174697661203635313030'),
	(758,'14800275','02/27/2016',33,500000.0000,X'50415020434F4F4D455641203130303030300D0A50415020434F4F4D45564120343030303030'),
	(759,'14800275','03/01/2016',44,10000.0000,X'5061676F20452D436172642042616E636F6C6F6D626961'),
	(821,'12345','01/04/2016',172,80000.0000,''),
	(820,'12345','01/04/2016',170,150000.0000,''),
	(819,'12345','01/02/2016',175,200000.0000,''),
	(818,'12345','01/02/2016',169,500000.0000,''),
	(817,'12345','01/01/2016',166,80000.0000,''),
	(765,'1037594925','03/02/2016',69,388400.0000,''),
	(766,'1037594925','03/02/2016',89,400000.0000,X'41706F7274652043617361'),
	(767,'1037594925','02/29/2016',46,1606800.0000,''),
	(768,'1037594925','02/29/2016',52,64272.0000,''),
	(769,'1037594925','02/29/2016',53,64272.0000,''),
	(770,'1037594925','02/29/2016',54,15886.0000,''),
	(771,'1037594925','02/29/2016',89,50500.0000,X'506173746173205669706C656E61'),
	(772,'1037594925','03/02/2016',89,20000.0000,X'53616E647769636820437562616E6F2C20416C6D7565727A6F'),
	(773,'1037594925','03/02/2016',89,20000.0000,X'52656361726761205461726A657461204372656469746F'),
	(774,'1037594925','03/02/2016',61,216028.0000,''),
	(775,'1037594925','02/29/2016',52,220000.0000,X'537572616D65726963616E61'),
	(816,'12345','01/01/2016',165,80000.0000,''),
	(815,'12345','01/01/2016',161,2000000.0000,''),
	(778,'14800275','03/03/2016',18,528122.0000,X'42616E636F6C6F6D626961'),
	(814,'1037594925','02/15/2016',89,53300.0000,''),
	(781,'14800275','03/05/2016',27,80000.0000,''),
	(782,'14800275','03/06/2016',44,330000.0000,X'5072657374616D6F2050617069'),
	(783,'1037594925','03/05/2016',89,27700.0000,X'537220576F6B'),
	(784,'14800275','03/09/2016',27,30000.0000,''),
	(785,'14800275','03/09/2016',44,57608.0000,X'436F6D707261204A756D626F204A617264696E20506C617A61'),
	(786,'14800275','03/12/2016',44,11715.0000,X'4D65726361646F20416C6D7565727A6F20436172756C6C61'),
	(813,'1037594925','02/29/2016',89,112000.0000,''),
	(788,'14800275','03/12/2016',44,19660.0000,X'4C6120313420416C6D7565727A6F20536F636F72726F'),
	(789,'1037594925','03/15/2016',60,164438.0000,''),
	(790,'1037594925','03/15/2016',63,618031.0000,X'42616E636F6C6F6D626961'),
	(791,'1037594925','03/15/2016',86,17313.0000,''),
	(792,'1037594925','03/15/2016',65,112921.0000,''),
	(793,'1037594925','03/15/2016',66,76000.0000,''),
	(794,'1037594925','03/15/2016',46,1606800.0000,''),
	(795,'1037594925','03/15/2016',53,64272.0000,''),
	(796,'1037594925','03/15/2016',52,64272.0000,''),
	(797,'1037594925','03/15/2016',54,15886.0000,''),
	(798,'1037594925','03/15/2016',89,20000.0000,X'526563617267612055626572'),
	(799,'1037594925','03/15/2016',77,1000000.0000,''),
	(800,'1037594925','03/15/2016',78,100000.0000,''),
	(801,'1037594925','03/19/2016',68,18152.0000,''),
	(802,'1037594925','03/18/2016',89,70000.0000,X'416C6D7565727A6F73'),
	(803,'1037594925','03/18/2016',89,50000.0000,X'52657469726F'),
	(804,'1037594925','03/18/2016',89,20000.0000,X'52656361726761207461726A657461206372656469746F20656C656374726F6E696361'),
	(805,'1037594925','03/18/2016',89,56000.0000,X'506173746173'),
	(806,'1037594925','03/19/2016',89,17450.0000,''),
	(811,'1037594925','03/20/2016',70,100000.0000,X'506172746520696D70756573746F20636173612C2066756520756E2072657469726F20717565206C6520707265737465206120636F626F2E'),
	(812,'1037594925','03/20/2016',89,7050.0000,X'4D65726361646F'),
	(822,'12345','01/04/2016',168,100000.0000,''),
	(876,'14800275','03/22/2016',1,4047000.0000,''),
	(877,'14800275','03/22/2016',2,920000.0000,''),
	(878,'14800275','03/22/2016',7,161880.0000,''),
	(879,'14800275','03/22/2016',8,161880.0000,''),
	(880,'14800275','03/22/2016',9,40470.0000,''),
	(881,'14800275','03/22/2016',10,43000.0000,''),
	(882,'14800275','03/22/2016',30,11479.7700,X'42616E636F6C6F6D626961'),
	(883,'14800275','03/22/2016',30,5506.0000,X'536F6465786F'),
	(884,'14800275','03/22/2016',32,4047000.0000,X'53616C646F20436573616E74696173'),
	(885,'14800275','03/22/2016',32,1500000.0000,X'436F6F6D65766120504150'),
	(886,'14800275','03/21/2016',44,447781.6900,''),
	(887,'14800275','03/22/2016',19,1395000.0000,X'446176697669656E64610D0A4E756D65726F20436F6D70726F62616E7465203D203631383130'),
	(888,'14800275','03/22/2016',18,1052000.0000,X'436172726F20547261636B6572'),
	(889,'14800275','03/22/2016',17,762539.0000,X'4E756D65726F20646520436F6D70726F62616E7465203D203331313137'),
	(890,'14800275','03/22/2016',15,65043.0000,''),
	(891,'14800275','03/22/2016',25,168192.5000,''),
	(892,'14800275','03/22/2016',22,71899.0000,''),
	(893,'14800275','03/22/2016',44,40000.0000,X'5061727469646F20436F7274756C7561'),
	(896,'14800275','03/23/2016',42,350000.0000,X'5072657374616D6F204A6F65'),
	(897,'14800275','03/24/2016',44,200000.0000,X'5061676F205072657374616D6F2050617069'),
	(898,'14800275','03/24/2016',44,150000.0000,X'5061676F20446FC3B161205A6F7261696461'),
	(899,'14800275','03/26/2016',44,50000.0000,X'5061676F205061726369616C204A6F65206465626F20333030303030'),
	(900,'14800275','03/27/2016',27,70000.0000,X'4761736F6C696E612035353030302B3135303030204C6176616461'),
	(901,'14800275','03/26/2016',44,97883.0000,X'5072657374616D6F20612050617472696369612070617261206D65726361646F'),
	(902,'14800275','02/27/2016',43,400000.0000,X'50617472696369612061706F727465'),
	(907,'12345','03/30/2016',172,100000.0000,X'4F6C696D70696361'),
	(908,'12345','03/30/2016',161,2400000.0000,''),
	(909,'14800275','03/30/2016',18,528122.0000,X'42616E636F6C6F6D626961'),
	(910,'14800275','03/30/2016',43,530000.0000,X'5061676F2070617472696369610D0A0D0A5041502B6D65726361646F20736F6465786F'),
	(911,'1037594925','04/30/2016',46,1606800.0000,''),
	(912,'1037594925','03/31/2016',89,400000.0000,X'41706F7274652043617361'),
	(913,'1037594925','03/31/2016',160,100000.0000,''),
	(914,'1037594925','03/31/2016',62,135000.0000,''),
	(915,'1037594925','03/31/2016',89,190000.0000,X'436172746167656E61'),
	(916,'1037594925','03/31/2016',89,24406.0000,''),
	(917,'1037594925','03/31/2016',89,15000.0000,''),
	(918,'1037594925','03/31/2016',52,64272.0000,''),
	(919,'1037594925','03/31/2016',53,64272.0000,''),
	(920,'1037594925','03/31/2016',54,15886.0000,''),
	(921,'1037594925','03/21/2016',89,13535.0000,''),
	(922,'1037594925','03/21/2016',89,101480.0000,''),
	(923,'1037594925','03/31/2016',88,50000.0000,X'436F7061676F2064652053757261205265656D626F6C736F'),
	(924,'14800275','03/31/2016',27,40000.0000,''),
	(929,'14800275','04/06/2016',44,140618.0000,X'4D65726361646F'),
	(930,'14800275','04/08/2016',44,11000.0000,X'5265636172676120656361726420706172612073706F74696679'),
	(931,'1037594925','04/01/2016',87,220000.0000,X'526567616C6F206D616D61'),
	(932,'1037594925','04/01/2016',158,220000.0000,''),
	(933,'1037594925','04/08/2016',69,375954.0000,''),
	(934,'1037594925','04/01/2016',159,62000.0000,''),
	(935,'14800275','04/09/2016',27,80000.0000,''),
	(936,'14800275','04/09/2016',44,20000.0000,X'72657469726F20736F6465786F206761736F6C696E61'),
	(943,'14800275','04/16/2016',27,80000.0000,''),
	(944,'14800275','04/16/2016',44,20000.0000,X'536F6465786F204761736F6C696E6120676173746F7320766172696F73'),
	(949,'1037594925','04/18/2016',65,100797.0000,''),
	(950,'1037594925','04/19/2016',68,14606.0000,''),
	(951,'1037594925','04/15/2016',159,70000.0000,''),
	(952,'1037594925','04/15/2016',89,50500.0000,X'506173746173205669706C656E61'),
	(953,'1037594925','04/15/2016',89,75000.0000,''),
	(954,'1037594925','04/19/2016',89,20000.0000,X'55626572'),
	(955,'1037594925','04/19/2016',89,14800.0000,X'4172657065726961'),
	(956,'1037594925','04/15/2016',60,164439.0000,''),
	(957,'1037594925','04/15/2016',63,618031.0000,X'42616E636F6C6F6D626961'),
	(958,'1037594925','04/15/2016',46,1606800.0000,''),
	(959,'1037594925','04/15/2016',52,64272.0000,''),
	(960,'1037594925','04/15/2016',53,64272.0000,''),
	(961,'1037594925','04/15/2016',54,15886.0000,''),
	(962,'1037594925','04/15/2016',86,17313.0000,''),
	(963,'1037594925','04/15/2016',77,1100000.0000,''),
	(964,'1037594925','04/15/2016',78,100000.0000,''),
	(965,'14800275','04/15/2016',43,200000.0000,X'5061676F204A686F6E792052656C6F6A2B54656C65666F6E6F'),
	(966,'14800275','04/19/2016',15,500000.0000,X'504150203130302E3030300D0A504150203430302E303030'),
	(967,'14800275','04/19/2016',33,500000.0000,X'50415020434F4F4D455641203130303030300D0A50415020434F4F4D45564120343030303030'),
	(968,'14800275','04/21/2016',27,50000.0000,''),
	(969,'14800275','04/14/2016',40,10600.0000,X'42616D636F6C6F6D626961'),
	(970,'14800275','04/21/2016',44,52064.2300,''),
	(971,'14800275','04/22/2016',30,89.7700,X'42616E636F6C6F6D626961'),
	(972,'14800275','04/22/2016',30,1705.0000,X'536F6465786F'),
	(973,'14800275','04/22/2016',2,920000.0000,X'536F6465786F204761736F6C696E61203D203336303030300D0A536F6465786F2043616E61737461203D2020353630303030'),
	(974,'14800275','04/22/2016',32,4047000.0000,X'436573616E74696173'),
	(975,'14800275','04/22/2016',32,2000000.0000,X'504150202831303029203D2031323030303030200D0A504150202834303029203D20383030303030'),
	(976,'14800275','04/22/2016',1,4047000.0000,''),
	(977,'14800275','04/22/2016',7,161880.0000,''),
	(978,'14800275','04/22/2016',8,161880.0000,''),
	(979,'14800275','04/22/2016',9,40470.0000,''),
	(980,'14800275','04/22/2016',10,6200.0000,''),
	(981,'14800275','04/22/2016',18,1052000.0000,X'4372656469746F20547261636B65720D0A4E756D65726F20646520636F6D70726F62616E7465203D203638363837'),
	(982,'14800275','04/22/2016',19,1395000.0000,X'4372656469746F20436173610D0A4E756D65726F20646520636F6D70726F62616E7465203D203436333034'),
	(983,'14800275','04/22/2016',17,901513.0000,X'544320436F6F6D6576610D0A4E756D65726F20646520636F6D70726F62616E7465203D203731363432'),
	(984,'14800275','04/22/2016',44,300000.0000,X'5061676F207072657374616D6F204A6F65'),
	(985,'14800275','04/23/2016',33,100000.0000,X'50415020436F6F6D657661'),
	(986,'14800275','04/23/2016',15,165043.0000,X'436F6F70657261746976610D0A50415020313030303030'),
	(987,'14800275','04/23/2016',22,115800.0000,X'506167756520353030303020636F6E205443'),
	(988,'14800275','04/30/2016',43,400000.0000,X'5061676F205061747269636961'),
	(989,'14800275','04/30/2016',18,528122.0000,X'42616E636F6C6F6D626961'),
	(990,'14800275','04/23/2016',44,63000.0000,X'436F6D707261203134206465206C612036'),
	(991,'14800275','04/26/2016',44,90000.0000,X'52657469726F2043616A65726F'),
	(992,'14800275','04/27/2016',27,83034.0000,''),
	(997,'1037594925','03/30/2016',46,1606800.0000,''),
	(998,'1037594925','04/30/2016',52,64272.0000,''),
	(999,'1037594925','04/30/2016',53,64272.0000,''),
	(1000,'1037594925','04/30/2016',54,15886.0000,''),
	(1001,'1037594925','04/30/2016',69,375954.0000,''),
	(1002,'1037594925','04/30/2016',62,105000.0000,''),
	(1003,'1037594925','04/30/2016',158,220000.0000,''),
	(1004,'1037594925','04/30/2016',89,400000.0000,X'41706F7274652063617361'),
	(1005,'1037594925','05/01/2016',89,18000.0000,''),
	(1006,'1037594925','04/11/2016',61,289307.0000,X'4572726F72206C69717569646163696F6E20696365746578'),
	(1007,'1037594925','04/11/2016',87,79297.0000,X'4176616E6365207463207061676F20696365746578'),
	(1008,'1037594925','04/23/2016',160,180000.0000,X'436F6D70726120776F6B2079206D65726361646F'),
	(1009,'1037594925','04/23/2016',66,76000.0000,''),
	(1010,'1037594925','04/23/2016',89,60884.0000,''),
	(1015,'14800275','05/04/2016',27,80000.0000,''),
	(1016,'14800275','05/04/2016',44,20000.0000,''),
	(1017,'14800275','05/02/2016',43,150000.0000,X'5061676F204A686F6E79'),
	(1021,'14800275','04/29/2016',44,20000.0000,X'5061676F2053757065726D65726361646F205061747269636961203D2053706F74696679'),
	(1022,'14800275','05/06/2016',15,100000.0000,X'41626F6E6F2050415020343030303030'),
	(1023,'14800275','05/06/2016',33,100000.0000,X'41626F6E6F2050415020343030303030'),
	(1024,'14800275','05/11/2016',27,80000.0000,''),
	(1028,'1037594925','05/15/2016',86,17313.0000,''),
	(1029,'1037594925','05/15/2016',46,1606800.0000,''),
	(1030,'1037594925','05/15/2016',53,64272.0000,''),
	(1031,'1037594925','05/15/2016',52,64272.0000,''),
	(1032,'1037594925','05/15/2016',54,15886.0000,''),
	(1033,'1037594925','05/15/2016',60,164439.0000,''),
	(1034,'1037594925','05/15/2016',63,618031.0000,''),
	(1035,'1037594925','05/15/2016',77,1200000.0000,''),
	(1036,'1037594925','05/15/2016',78,100000.0000,''),
	(1037,'1037594925','05/15/2016',66,76000.0000,''),
	(1038,'1037594925','05/15/2016',89,50500.0000,X'5669706C656E61'),
	(1039,'1037594925','05/15/2016',65,99123.0000,''),
	(1040,'1037594925','05/15/2016',89,40000.0000,X'50697A7A612D20416C6D7565727A6F'),
	(1041,'14800275','05/16/2016',43,50000.0000,X'5061676F204A686F6E79'),
	(1047,'14800275','05/16/2016',44,15000.0000,X'706167756520736F6465786F'),
	(1049,'14800275','05/19/2016',27,80000.0000,''),
	(1050,'14800275','05/12/2016',40,10148.0000,X'42616E636F6C6F6D626961'),
	(1051,'14800275','05/20/2016',44,94370.0000,X'416C6D7565727A6F730D0A476173746F7320566172696F73'),
	(1052,'14800275','05/22/2016',45,5334.0000,X'536F6465786F204761736F6C696E6120792043616E61737461'),
	(1053,'14800275','05/22/2016',1,4047000.0000,''),
	(1054,'14800275','05/22/2016',2,920000.0000,X'536F6465786F204761736F6C696E61203D203336303030300D0A536F6465786F2043616E61737461203D2020353630303030'),
	(1055,'14800275','05/22/2016',32,2200000.0000,X'504150202831303029203D2031333030303030200D0A504150202834303029203D20393030303030'),
	(1056,'14800275','05/22/2016',32,4047000.0000,X'436573616E74696173'),
	(1057,'14800275','05/22/2016',10,6200.0000,''),
	(1058,'14800275','05/22/2016',9,40470.0000,''),
	(1059,'14800275','05/22/2016',8,161880.0000,''),
	(1060,'14800275','05/22/2016',7,161880.0000,''),
	(1061,'14800275','05/22/2016',19,1395000.0000,X'50616761646F20656C2032300D0A5265666572656E636961203D20363030313031373230303233393535360D0A4E756D65726F20646520436F6D70726F62616E7465203D2030303030303637323933'),
	(1063,'14800275','05/22/2016',17,831551.0000,X'6E756D65726F20646520636F6D70726F62616E74653A20303030303031393335312050616761646F20656C203231'),
	(1064,'14800275','05/22/2016',18,1052000.0000,X'50616761646F20656E2043616A61202D2D436172726F2050616761646F20656C203231'),
	(1065,'14800275','05/22/2016',22,71899.0000,X'4EC3BA6D65726F20646520436F6E6669726D616369C3B36E3A203930313237'),
	(1067,'1037594925','05/30/2016',46,1606800.0000,''),
	(1068,'1037594925','05/30/2016',53,64272.0000,''),
	(1069,'1037594925','05/30/2016',52,64272.0000,''),
	(1070,'1037594925','05/30/2016',54,15886.0000,''),
	(1071,'1037594925','05/30/2016',158,220000.0000,X'5072657061676164612073757261'),
	(1072,'1037594925','05/30/2016',75,40000.0000,''),
	(1073,'1037594925','05/30/2016',61,209362.0000,X'436F6D70726F62616E74652037333433382064656C2032382D30352D3230313620383A3235706D'),
	(1075,'14800275','05/28/2016',27,70000.0000,''),
	(1076,'14800275','05/28/2016',44,60000.0000,X'5669616A652054756C7561'),
	(1078,'14800275','06/01/2016',34,900000.0000,X'4369657272652050415020343030204D6F7469766F207061676F20696D70756573746F20636172726F'),
	(1079,'14800275','06/01/2016',43,300000.0000,X'50617469636F'),
	(1080,'14800275','06/01/2016',15,165100.0000,X'436F6F7065726174697661202B20504150'),
	(1081,'14800275','06/02/2016',33,100000.0000,X'50415020436F6F6D657661'),
	(1082,'14800275','06/01/2016',43,900000.0000,X'496E677265736F20706F722072657469726F2061686F72726F'),
	(1083,'14800275','06/02/2016',18,528122.0000,''),
	(1087,'14800275','06/07/2016',43,80000.0000,X'56656E7461204D6573612064656C20636F6D70757461646F72'),
	(1088,'14800275','06/09/2016',43,116118.0000,X'52657469726F2064652070726F7465636363696F6E2C20284E6F206C6F732074656E696120656E2061686F72726F29'),
	(1090,'14800275','06/01/2016',44,1200000.0000,X'5072C3A97374616D6F2070617261204A6F65'),
	(1091,'14800275','06/10/2016',43,2000000.0000,X'5061676F207072657374616D6F204A6F652B205072657374616D6F207061726120446176697669656E6461'),
	(1092,'14800275','06/10/2016',18,2000000.0000,X'5061676F206372C3A96469746F20436172726F20285072696D617329'),
	(1093,'14800275','06/11/2016',27,78000.0000,''),
	(1094,'14800275','06/11/2016',44,100000.0000,X'536F706F727465205456207920656E7472657061C3B16F73'),
	(1095,'1037594925','06/15/2016',46,1607000.0000,''),
	(1096,'1037594925','06/15/2016',53,64280.0000,''),
	(1097,'1037594925','06/15/2016',52,64280.0000,''),
	(1098,'1037594925','06/15/2016',54,15886.0000,''),
	(1099,'1037594925','06/15/2016',56,29000.0000,X'4372656D61204573666F6C69616E7465'),
	(1100,'1037594925','06/15/2016',89,50000.0000,X'43756D706C65205365626173'),
	(1101,'1037594925','06/15/2016',66,76000.0000,''),
	(1102,'1037594925','06/15/2016',65,103073.0000,''),
	(1103,'1037594925','06/15/2016',60,164439.0000,''),
	(1104,'1037594925','05/30/2016',69,375954.0000,''),
	(1105,'1037594925','05/30/2016',89,400000.0000,X'41706F7274652043617361'),
	(1106,'1037594925','05/30/2016',62,293000.0000,''),
	(1107,'1037594925','05/30/2016',89,4054.0000,''),
	(1108,'1037594925','06/15/2016',77,1300000.0000,''),
	(1109,'1037594925','06/15/2016',78,100000.0000,''),
	(1110,'1037594925','06/15/2016',89,1000000.0000,X'43756F746120657874726120636172726F2D5072696D61'),
	(1111,'1037594925','06/15/2016',89,247000.0000,X'50656E6469656E746520646566696E697220436F626F2D203134372E30303020696D70756573746F20636173612C20313030206D652071756564617269612064656269656E646F'),
	(1112,'1037594925','06/15/2016',89,80000.0000,X'436F6E76657273652D5072696D61'),
	(1113,'1037594925','06/15/2016',89,40000.0000,X'526567616C6F204262792053686F776572204A756C696574682079204F74726F73'),
	(1114,'1037594925','06/15/2016',89,165229.0000,X'50617374617320656D626172617A6F2D5072696D61'),
	(1115,'1037594925','06/15/2016',86,17313.0000,''),
	(1116,'1037594925','06/15/2016',63,618031.0000,X'42616E636F6C6F6D626961'),
	(1117,'1037594925','06/15/2016',50,1473083.0000,''),
	(1118,'1037594925','06/18/2016',89,64700.0000,X'4465636F726163696F6E20792044657365636861626C6573204261627953686F776572'),
	(1119,'1037594925','06/18/2016',160,20000.0000,X'50726F746563746F72206D61727465726E6F2D70616E'),
	(1120,'1037594925','06/18/2016',89,45000.0000,X'4173656F2D446FC3B161206C757A'),
	(1121,'1037594925','06/18/2016',159,50000.0000,''),
	(1122,'1037594925','06/18/2016',89,37542.0000,''),
	(1123,'1037594925','06/18/2016',68,20756.0000,''),
	(1124,'14800275','06/18/2016',27,75000.0000,''),
	(1125,'14800275','06/18/2016',44,25000.0000,X'4C61766164612064656C20436172726F'),
	(1126,'14800275','06/14/2016',40,10600.0000,X'42616E636F6C6F6D626961'),
	(1127,'14800275','06/21/2016',44,295720.0000,X'476173746F7320566172696F732064656C206D6573'),
	(1128,'14800275','06/22/2016',30,40030.0000,X'42616E636F6C6F6D626961202024362C303739200D0A4761736F6C696E61202433302C393632200D0A43616E617374612024322C393839'),
	(1129,'14800275','06/22/2016',1,4047000.0000,''),
	(1130,'14800275','06/22/2016',5,2023500.0000,''),
	(1131,'14800275','06/22/2016',2,920000.0000,X'536F6465786F204761736F6C696E61203D203336303030300D0A536F6465786F2043616E61737465203D20353630303030'),
	(1132,'14800275','06/22/2016',7,161880.0000,''),
	(1133,'14800275','06/22/2016',8,161880.0000,''),
	(1134,'14800275','06/22/2016',9,40470.0000,''),
	(1135,'14800275','06/22/2016',10,6200.0000,''),
	(1136,'14800275','06/22/2016',19,1395000.0000,X'436F6D70726F62616E7465203D3930393139'),
	(1137,'14800275','06/22/2016',18,1051831.0000,X'4372656469746F20547261636B6572736974610D0A20436F6469676F203D203833323030'),
	(1138,'14800275','06/22/2016',15,165043.0000,X'504150203D203130303030300D0A436F6F7065726174697661203D203635303433'),
	(1139,'14800275','06/22/2016',17,879860.0000,X'436F6F6D657661'),
	(1140,'14800275','06/22/2016',33,100000.0000,X'50415020436F6F6D657661'),
	(1141,'14800275','06/22/2016',18,528122.0000,X'42616E636F6C6F6D626961'),
	(1142,'14800275','06/22/2016',44,9900.0000,X'416C6D7565727A6F'),
	(1143,'14800275','06/22/2016',22,158588.0000,''),
	(1144,'14800275','06/22/2016',44,800000.0000,X'5061676F204A6F65'),
	(1145,'14800275','06/22/2016',25,343250.0000,X'496D70756573746F2043617361207920676172616A652E'),
	(1146,'14800275','06/22/2016',32,4047000.0000,X'436573616E74696173'),
	(1147,'14800275','06/22/2016',32,1400000.0000,X'50415020436F6F6D657661'),
	(1148,'14800275','06/23/2016',44,49900.0000,X'526567616C6F2064656C207061647265'),
	(1149,'14800275','06/24/2016',44,200000.0000,X'5265766973696F6E20547261636B6572'),
	(1150,'14800275','06/25/2016',44,14200.0000,X'6172657065726961'),
	(1151,'1037594925','06/16/2016',89,107554.0000,X'37302052657365727661205443'),
	(1152,'1037594925','05/15/2016',68,25000.0000,''),
	(1153,'1037594925','05/15/2016',89,130000.0000,X'4D65726361646F'),
	(1154,'1037594925','05/15/2016',89,70000.0000,X'416C6D7565727A6F73'),
	(1155,'1037594925','05/15/2016',89,171000.0000,''),
	(1156,'1037594925','04/30/2016',89,70000.0000,X'416C6D7565727A6F73'),
	(1157,'1037594925','04/30/2016',61,209362.0000,''),
	(1158,'1037594925','04/30/2016',89,64054.0000,''),
	(1159,'1037594925','07/01/2016',46,1607000.0000,''),
	(1160,'1037594925','07/01/2016',50,133917.0000,''),
	(1161,'1037594925','07/01/2016',53,64280.0000,''),
	(1162,'1037594925','07/01/2016',52,64280.0000,''),
	(1163,'1037594925','07/01/2016',54,16070.0000,''),
	(1164,'1037594925','07/01/2016',62,231000.0000,''),
	(1165,'1037594925','07/01/2016',89,400000.0000,X'41706F7274652043617361'),
	(1166,'1037594925','07/01/2016',61,209362.0000,X'3736343237'),
	(1167,'1037594925','07/01/2016',75,70000.0000,X'52657365727661205443'),
	(1168,'1037594925','07/01/2016',158,220000.0000,''),
	(1169,'1037594925','07/01/2016',69,375954.0000,''),
	(1170,'1037594925','07/01/2016',159,70000.0000,''),
	(1171,'1037594925','07/01/2016',89,40000.0000,X'43616D69736574617320426162792053686F776572'),
	(1172,'1037594925','07/01/2016',89,79971.0000,''),
	(1173,'1037594925','07/01/2016',89,40000.0000,X'416C7175696C65722053696C6C6173204261627953686F776572'),
	(1174,'14800275','07/08/2016',44,100000.0000,X'436F6D707261206261627973686F776572'),
	(1175,'14800275','07/14/2016',27,80000.0000,''),
	(1176,'14800275','07/18/2016',44,708529.0000,X'2D2D436F6D7072617320656E20486F6D6563656E7465720D0A2D2D436F6D7072612043616D610D0A2D2D416A75737465206D6573'),
	(1177,'14800275','07/22/2016',1,4047000.0000,''),
	(1178,'14800275','07/22/2016',2,920000.0000,X'536F6465786F20204761736F6C696E6120203D203336303030300D0A536F6465786F202043616E6173746120203D2020353630303030'),
	(1179,'14800275','07/22/2016',7,161880.0000,''),
	(1180,'14800275','07/22/2016',8,161880.0000,''),
	(1181,'14800275','07/22/2016',9,40470.0000,''),
	(1182,'14800275','07/22/2016',10,6200.0000,''),
	(1183,'14800275','07/22/2016',30,175877.0000,X'536F6465786F204761736F6C696E61203D203137303936320D0A536F6465786F2043616E61737461203D343830340D0A42616E636F6C6F6D626961203D20313131'),
	(1184,'14800275','07/22/2016',19,1395000.0000,X'436F6469676F20566572696669636163696F6E203338313132'),
	(1185,'14800275','07/22/2016',18,1051000.0000,X'5472616B65727369746120436F6469676F203337383039'),
	(1186,'14800275','08/15/2016',44,252351.0000,X'416A75737465'),
	(1187,'14800275','07/22/2016',17,829824.0000,X'436F6469676F203731333136'),
	(1188,'14800275','07/22/2016',15,165043.0000,X'504150202B20436F6F7065726174697661'),
	(1189,'14800275','07/22/2016',33,100000.0000,X'50415020313030303030'),
	(1190,'14800275','07/22/2016',32,1500000.0000,X'50415020313030303030'),
	(1191,'14800275','07/22/2016',32,4047000.0000,X'436573616E74696173'),
	(1192,'1037594925','07/18/2016',65,123265.0000,''),
	(1193,'1037594925','07/18/2016',60,164429.0000,''),
	(1194,'1037594925','07/18/2016',68,24162.0000,''),
	(1195,'1037594925','07/18/2016',159,70000.0000,''),
	(1196,'1037594925','07/15/2016',46,1606800.0000,''),
	(1197,'1037594925','07/15/2016',53,64272.0000,''),
	(1198,'1037594925','07/15/2016',52,64272.0000,''),
	(1199,'1037594925','07/15/2016',54,15886.0000,''),
	(1200,'1037594925','07/17/2016',160,118306.0000,''),
	(1201,'1037594925','07/16/2016',89,106100.0000,X'476173746F732074756C7561'),
	(1202,'1037594925','07/18/2016',89,92062.0000,X'5061737461732048696572726F2079204F74726F73'),
	(1203,'1037594925','07/15/2016',63,618032.0000,X'42616E636F6C6F6D626961'),
	(1204,'1037594925','07/15/2016',86,17313.0000,''),
	(1205,'1037594925','07/15/2016',75,24400.0000,''),
	(1206,'1037594925','07/17/2016',77,1400000.0000,''),
	(1207,'1037594925','07/17/2016',78,100000.0000,''),
	(1208,'1037594925','07/19/2016',66,83101.0000,''),
	(1209,'14800275','07/22/2016',44,50000.0000,X'4C617661646F20436172726F202B20416C6D7565727A6F'),
	(1210,'14800275','07/22/2016',22,71900.0000,''),
	(1211,'14800275','07/23/2016',44,50000.0000,X'4D65726361646F20536F636F72726F'),
	(1212,'14800275','07/23/2016',27,83000.0000,''),
	(1213,'14800275','07/23/2016',34,1600000.0000,''),
	(1214,'1037594925','08/01/2016',46,1606800.0000,''),
	(1215,'1037594925','08/01/2016',52,64272.0000,''),
	(1216,'1037594925','08/01/2016',53,64272.0000,''),
	(1217,'1037594925','08/01/2016',54,15886.0000,''),
	(1218,'1037594925','08/01/2016',89,400000.0000,X'41706F7274652063617361202853656720436172726F29'),
	(1219,'1037594925','08/01/2016',61,209362.0000,X'436F6D70203931323132'),
	(1220,'1037594925','08/01/2016',158,220000.0000,''),
	(1221,'1037594925','08/01/2016',69,375954.0000,X'4170746F'),
	(1222,'1037594925','08/01/2016',89,130000.0000,X'46616A6120506F7374706172746F'),
	(1223,'1037594925','08/01/2016',89,40000.0000,X'566172696F73'),
	(1224,'1037594925','07/18/2016',62,40000.0000,X'5061676F20616C7465726E6F2C2074656E69612061206661766F72207061676F207061C3B1616C657261'),
	(1225,'1037594925','07/27/2016',89,30000.0000,X'436F6D7072612064616D617320726F7361646173206D617274696E61'),
	(1226,'14800275','07/28/2016',44,50000.0000,X'416C6D7565727A6F73'),
	(1227,'14800275','07/31/2016',27,70000.0000,''),
	(1228,'14800275','07/31/2016',44,20000.0000,X'416C6D7565727A6F73'),
	(1229,'1037594925','08/15/2016',63,618031.0000,X'42616E636F6C6F6D626961'),
	(1230,'1037594925','08/15/2016',178,200000.0000,''),
	(1231,'1037594925','08/15/2016',89,50000.0000,''),
	(1232,'1037594925','08/15/2016',46,1606800.0000,''),
	(1233,'1037594925','08/15/2016',52,64272.0000,''),
	(1234,'1037594925','08/15/2016',53,64272.0000,''),
	(1235,'1037594925','08/15/2016',54,15886.0000,''),
	(1236,'1037594925','08/15/2016',77,1500000.0000,''),
	(1237,'1037594925','08/15/2016',86,17313.0000,''),
	(1238,'1037594925','08/15/2016',66,83101.0000,X'3738393738'),
	(1239,'1037594925','08/15/2016',65,115346.0000,X'3332393733'),
	(1240,'1037594925','08/09/2016',89,87054.0000,''),
	(1241,'1037594925','08/15/2016',60,100000.0000,X'5041500D0A52657469726F20436F6F70'),
	(1242,'1037594925','08/15/2016',78,100000.0000,''),
	(1243,'14800275','08/06/2016',18,528122.0000,X'42616E636F6C6F6D626961'),
	(1244,'14800275','08/13/2016',27,50000.0000,''),
	(1245,'14800275','08/11/2016',179,50000.0000,''),
	(1246,'14800275','07/23/2016',31,1600000.0000,X'436F6F6D657661'),
	(1247,'14800275','07/26/2016',26,1433856.0000,X'53656775726F204F626C696761746F72696F'),
	(1248,'14800275','08/22/2016',1,4047000.0000,''),
	(1249,'14800275','08/22/2016',2,920000.0000,X'3536302043616E61737461200D0A333630204761736F6C696E61'),
	(1250,'14800275','08/22/2016',7,161880.0000,''),
	(1251,'14800275','08/22/2016',8,161880.0000,''),
	(1252,'14800275','08/22/2016',9,40470.0000,''),
	(1253,'14800275','08/22/2016',10,6200.0000,''),
	(1254,'14800275','08/22/2016',32,4047000.0000,X'436573616E74696173'),
	(1255,'1037594925','08/17/2016',68,27566.0000,X'3435303632'),
	(1256,'1037594925','08/16/2016',160,90814.0000,''),
	(1257,'14800275','08/22/2016',19,1395000.0000,X'436173610D0A4E756D65726F20646520636F6E6669726D616369C3B36E203D203432363634'),
	(1258,'14800275','08/22/2016',18,1051000.0000,X'547261636B6572736974610D0A4E756D65726F20646520636F6E6669726D616369C3B36E203D2038353836'),
	(1259,'14800275','08/22/2016',17,1259729.0000,X'436F6F6D657661200D0A4E756D65726F20646520636F6E6669726D616369C3B36E203D203435313935'),
	(1260,'14800275','08/22/2016',15,165043.0000,X'436F6F6D657661205041503D203130302E3030300D0A436F6F7065726174697661203D2036352E303433'),
	(1261,'14800275','08/22/2016',179,74000.0000,X'5375706572496E7465720D0A536F6465786F'),
	(1262,'14800275','08/26/2016',27,60000.0000,''),
	(1263,'14800275','08/23/2016',179,51033.0000,X'457869746F2043686970696368617065'),
	(1264,'14800275','08/28/2016',179,133072.0000,X'4C612031342D3620667565726F6E203238332E30373220506174726963696120313530'),
	(1265,'14800275','08/29/2016',179,6430.0000,X'457869746F203339'),
	(1266,'1037594925','08/15/2016',160,150000.0000,X'436F626F20536F6465786F'),
	(1267,'1037594925','08/15/2016',89,10199.0000,''),
	(1268,'1037594925','08/31/2016',46,1714133.0000,X'4C6963656E636961204D617465726E69646164'),
	(1269,'1037594925','08/31/2016',53,68565.0000,''),
	(1270,'1037594925','08/31/2016',52,68565.0000,''),
	(1271,'1037594925','08/31/2016',54,17141.0000,''),
	(1272,'1037594925','08/31/2016',178,200000.0000,X'30332F3039'),
	(1273,'1037594925','08/31/2016',61,209362.0000,X'383437393935333334'),
	(1274,'1037594925','08/31/2016',158,220000.0000,''),
	(1275,'1037594925','08/31/2016',69,375954.0000,X'30332F3039'),
	(1276,'1037594925','08/31/2016',180,100000.0000,X'30392F3039'),
	(1277,'1037594925','08/31/2016',89,69919.0000,X'4D65646963616D656E746F7320706F73742D706172746F'),
	(1278,'14800275','09/03/2016',18,528000.0000,X'42616E636F6C6F6D626961205072657374616D6F'),
	(1279,'1037594925','09/03/2016',89,59350.0000,X'4D65646963616D656E746F733A206E6F7261766572206520696E747261666572'),
	(1280,'1037594925','09/03/2016',87,777234.0000,X'52657469726F20436F6F7065726174697661'),
	(1281,'1037594925','09/03/2016',89,7105.0000,X'496D70756573746F20506172717565616465726F'),
	(1282,'1037594925','09/03/2016',89,329280.0000,X'496D70756573746F2043617361'),
	(1283,'1037594925','09/03/2016',62,206000.0000,''),
	(1284,'1037594925','09/03/2016',89,230000.0000,X'41706F727465204361726C6F732C207061676F2042616E636F6C6F6D626961'),
	(1285,'1037594925','09/03/2016',89,102800.0000,X'4261627967616E67612061636365736F72696F7320616D616D616E746172'),
	(1286,'1037594925','09/03/2016',89,50000.0000,X'457869746F2D204372656D61732079204F74726F73'),
	(1287,'1037594925','09/08/2016',160,26900.0000,X'4A61626F6E20726F7061'),
	(1288,'1037594925','09/08/2016',89,63426.0000,''),
	(1289,'14800275','09/08/2016',179,117268.0000,X'4C612031342D36'),
	(1290,'14800275','09/10/2016',179,12284.0000,X'537570657220496E746572205061736172656C61'),
	(1291,'14800275','09/01/2016',43,230000.0000,X'526567616C6F2050617472696369612D506C61746120436F6F6D657661'),
	(1292,'14800275','09/13/2016',43,45752.0000,X'416A75737465'),
	(1293,'1037594925','09/15/2016',46,1606800.0000,''),
	(1294,'1037594925','09/15/2016',52,64272.0000,''),
	(1295,'1037594925','09/15/2016',53,64272.0000,''),
	(1296,'1037594925','09/15/2016',54,15886.0000,''),
	(1297,'1037594925','09/15/2016',63,618031.0000,X'3534393530'),
	(1298,'1037594925','09/15/2016',178,200000.0000,X'31352F3039'),
	(1299,'1037594925','09/15/2016',86,18959.0000,''),
	(1300,'1037594925','09/15/2016',66,100000.0000,X'3839333536'),
	(1301,'1037594925','09/15/2016',65,154092.0000,X'3333343932'),
	(1302,'1037594925','09/15/2016',60,100000.0000,X'3933393920504150'),
	(1303,'1037594925','09/14/2016',89,87000.0000,''),
	(1304,'1037594925','09/15/2016',68,41955.0000,X'3137313034'),
	(1305,'1037594925','09/15/2016',160,150000.0000,X'2A'),
	(1306,'14800275','09/21/2016',44,19463.0000,X'416A75737465'),
	(1307,'14800275','09/22/2016',1,2428200.0000,''),
	(1308,'14800275','09/22/2016',5,1618800.0000,''),
	(1309,'14800275','09/22/2016',5,1483900.0000,X'5072696D6120656E2064696E65726F2031312064696173'),
	(1310,'14800275','09/22/2016',2,920000.0000,X'536F6465786F2043616E61737461203D203536300D0A536F6465786F204761736F6C696E61203D20333630'),
	(1311,'14800275','09/22/2016',36,4047000.0000,X'436573616E74696173'),
	(1312,'14800275','09/22/2016',7,161880.0000,''),
	(1313,'14800275','09/22/2016',8,161880.0000,''),
	(1314,'14800275','09/22/2016',9,40470.0000,''),
	(1315,'14800275','09/22/2016',10,6200.0000,''),
	(1316,'14800275','08/22/2016',33,100000.0000,X'436F6F6D65766120504150'),
	(1317,'14800275','09/22/2016',32,100000.0000,X'50415020436F6F6D657661'),
	(1318,'14800275','09/24/2016',19,1395000.0000,X'4E756D65726F20646520436F6D70726F62616E74652030303030303330323536'),
	(1319,'14800275','09/24/2016',18,1050000.0000,X'4E756D65726F20646520436F6D70726F62616E746520203D2030303030303934303335'),
	(1320,'14800275','09/24/2016',22,72477.0000,X'4E756D65726F20646520636F6E6669726D6163696F6E203535313637'),
	(1321,'14800275','09/24/2016',18,528122.0000,X'4E756D65726F20646520436F6D70726F62616E7465203938393435'),
	(1322,'14800275','09/23/2016',179,142462.0000,X'4D65726361646F2054756C7561'),
	(1323,'14800275','09/25/2016',44,110000.0000,X'43656D656E746572696F2035302E3030300D0A416C6D7565727A6F2031382E3030300D0A5065616A65732031342E3030300D0A52617175657461205A616E6375646F732031352E3030300D0A506172717565616465726F20332E3030300D0A527574682031302E303030'),
	(1324,'14800275','09/25/2016',17,1109683.0000,X'544320436F6F6D657661204EC3BA6D65726F20636F6D70726F62616E7465203536373636'),
	(1325,'14800275','09/26/2016',33,100000.0000,X'50415020436F6F6D65766120313030'),
	(1326,'14800275','09/26/2016',15,100000.0000,X'436F6F6D65766120504150'),
	(1327,'14800275','09/26/2016',44,298080.0000,X'5061676F20436170616369746163696F6E20504D50'),
	(1328,'14800275','09/26/2016',44,235000.0000,X'41727265676C6F204A617264696E2043617361'),
	(1329,'14800275','09/27/2016',44,122000.0000,X'4469736672617A204D617274696E61207920526F70697461'),
	(1330,'1037594925','10/01/2016',178,200000.0000,X'30312F3130'),
	(1331,'1037594925','10/01/2016',158,300000.0000,X'30322F3130'),
	(1332,'1037594925','10/01/2016',69,375954.0000,''),
	(1333,'1037594925','10/01/2016',62,267000.0000,''),
	(1334,'1037594925','10/01/2016',61,209362.0000,X'30322F3130'),
	(1335,'1037594925','10/01/2016',160,50000.0000,X'2A'),
	(1336,'1037594925','10/01/2016',46,1606800.0000,''),
	(1337,'1037594925','10/01/2016',53,64272.0000,''),
	(1338,'1037594925','10/01/2016',52,64272.0000,''),
	(1339,'1037594925','10/01/2016',54,15886.0000,''),
	(1340,'1037594925','09/15/2016',77,1600000.0000,''),
	(1341,'1037594925','09/15/2016',78,100000.0000,''),
	(1342,'1037594925','09/15/2016',89,79333.3000,X'566172696F73207920476F746173204D617274696E61'),
	(1343,'14800275','09/28/2016',179,337941.0000,X'537570657220496E7465722D5061736172656C61'),
	(1344,'14800275','10/09/2016',179,50000.0000,X'537570657220496E7465722D2050617271756520506572726F'),
	(1345,'14800275','10/11/2016',27,50000.0000,''),
	(1346,'14800275','10/12/2016',44,118672.0000,''),
	(1347,'14800275','09/30/2016',27,60000.0000,''),
	(1348,'1037594925','10/15/2016',46,1606800.0000,''),
	(1349,'1037594925','10/15/2016',52,64272.0000,''),
	(1350,'1037594925','10/15/2016',53,64272.0000,''),
	(1351,'1037594925','10/15/2016',54,15886.0000,''),
	(1352,'1037594925','10/15/2016',63,618031.0000,''),
	(1353,'1037594925','10/15/2016',66,99812.0000,X'33353336'),
	(1354,'1037594925','10/15/2016',160,150000.0000,X'2A'),
	(1355,'1037594925','10/15/2016',89,100000.0000,X'436F6D70726120646F6C617265732038302E3030300D0A457869746F2032302E303030'),
	(1356,'1037594925','10/15/2016',178,200000.0000,X'31352F3130'),
	(1357,'1037594925','10/15/2016',65,146733.0000,''),
	(1358,'1037594925','10/15/2016',86,18959.0000,X'31342F3130'),
	(1359,'1037594925','10/15/2016',68,29178.0000,X'3134303933'),
	(1360,'14800275','10/16/2016',27,50000.0000,''),
	(1361,'14800275','10/17/2016',44,50000.0000,X'4C617661646120436172726F2032353030302B0D0A456665637469766F20476173746F7320766172696F732E'),
	(1362,'1037594925','10/01/2016',181,1700000.0000,X'52657469726F20504150'),
	(1363,'1037594925','10/01/2016',88,1700000.0000,X'504150'),
	(1364,'1037594925','10/01/2016',89,1700000.0000,X'52656D6F64656C6163696F6E20436F63696E61'),
	(1365,'14800275','10/21/2016',44,97035.9500,X'676173746F7320766172696F73'),
	(1366,'14800275','10/22/2016',1,3102700.0000,''),
	(1367,'14800275','10/22/2016',4,944300.0000,''),
	(1368,'14800275','10/22/2016',2,920000.0000,X'4761736F6C696E61203D203336300D0A43616E61737461203D20353230'),
	(1369,'14800275','10/22/2016',30,103997.0500,X'53616C646F732042616E636F207920536F6465786F'),
	(1370,'14800275','10/22/2016',7,161880.0000,''),
	(1371,'14800275','10/22/2016',8,161880.0000,''),
	(1372,'14800275','10/22/2016',9,40470.0000,''),
	(1373,'14800275','10/22/2016',10,6200.0000,''),
	(1374,'14800275','10/23/2016',19,1395000.0000,X'4EC3BA6D65726F20646520636F6D70726F62616E74653A203939333136'),
	(1375,'14800275','10/23/2016',18,1050000.0000,X'4EC3BA6D65726F20646520636F6D70726F62616E74653A200D0A30303030303339333537'),
	(1376,'14800275','10/23/2016',17,1106740.0000,X'4EC3BA6D65726F20646520636F6D70726F62616E74653A2030303030303536353136'),
	(1377,'14800275','10/23/2016',33,100000.0000,X'5041502031303020636F6F6D657661'),
	(1378,'14800275','10/22/2016',32,4047000.0000,X'436573616E74696173'),
	(1379,'14800275','10/22/2016',32,200000.0000,X'5041502031303020434F4F4D455641'),
	(1380,'14800275','10/23/2016',179,199369.0000,''),
	(1381,'14800275','10/23/2016',15,100000.0000,X'50415020313030'),
	(1382,'14800275','10/23/2016',44,74130.0000,''),
	(1383,'14800275','10/25/2016',43,3146579.0000,X'496E677265736F20706F722072657469726F20636F6F7065726174697661'),
	(1384,'14800275','10/25/2016',17,3000000.0000,X'61626F6E6F205443'),
	(1385,'1037594925','11/01/2016',61,209362.0000,X'3634313434'),
	(1386,'1037594925','11/01/2016',180,300000.0000,X'32382F3130'),
	(1387,'1037594925','11/01/2016',46,1714133.0000,X'4C6963656E636961204D617465726E69646164'),
	(1388,'1037594925','11/01/2016',53,68565.0000,''),
	(1389,'1037594925','11/01/2016',52,68565.0000,''),
	(1390,'1037594925','11/01/2016',54,17141.0000,''),
	(1391,'1037594925','11/01/2016',178,200000.0000,X'32392F3130'),
	(1392,'1037594925','11/01/2016',62,260000.0000,X'30322F3131'),
	(1393,'1037594925','11/01/2016',69,375954.0000,X'30322F3131'),
	(1394,'1037594925','11/01/2016',89,65000.0000,X'4D6174657269616C6573204F627261'),
	(1395,'1037594925','10/21/2016',89,99657.0000,X'43697461206D6564696361206D617274696E612079206F74726F73'),
	(1396,'14800275','10/29/2016',27,80000.0000,''),
	(1397,'1037594925','11/10/2016',89,30000.0000,X'4369746173204D617274696E61'),
	(1398,'1037594925','11/10/2016',89,39600.0000,''),
	(1399,'1037594925','11/05/2016',89,80000.0000,X'54756C7561'),
	(1400,'1037594925','11/15/2016',46,1606800.0000,''),
	(1401,'1037594925','11/15/2016',53,64272.0000,''),
	(1402,'1037594925','11/15/2016',52,64272.0000,''),
	(1403,'1037594925','11/15/2016',54,15886.0000,''),
	(1404,'1037594925','11/15/2016',160,150000.0000,X'2A'),
	(1405,'1037594925','11/15/2016',78,100000.0000,X'3630363036'),
	(1406,'1037594925','11/15/2016',65,136885.0000,''),
	(1407,'1037594925','11/15/2016',63,618032.0000,X'42616E636F6C6F6D626961'),
	(1408,'1037594925','11/15/2016',178,200000.0000,X'31362D3131'),
	(1409,'1037594925','11/15/2016',66,99812.0000,X'3234343833'),
	(1410,'1037594925','11/15/2016',86,18959.0000,X'2A'),
	(1411,'1037594925','11/15/2016',68,32381.0000,X'31382D3131'),
	(1412,'1037594925','11/15/2016',60,100000.0000,''),
	(1413,'1037594925','11/15/2016',89,60000.0000,X'2A4369746173206D656469636173204D617274696E61'),
	(1414,'1037594925','10/01/2016',89,60054.0000,''),
	(1415,'1037594925','11/15/2016',75,20000.0000,''),
	(1416,'1037594925','11/17/2016',89,55000.0000,''),
	(1417,'14800275','11/15/2016',18,528122.0000,X'5061676F204372656469746F2042616E636F6C6F6D626961'),
	(1418,'14800275','11/11/2016',40,10600.0000,X'42616E636F6C6F6D626961'),
	(1419,'14800275','11/15/2016',42,550000.0000,X'5061676F20576562204F646F6E746F657370656369616C69737461'),
	(1420,'14800275','11/12/2016',44,125000.0000,X'5061676F204D656D62726573696120504D5020792073696D756C61646F726573'),
	(1421,'14800275','11/10/2016',44,44000.0000,X'41626F6E6F204E6574666C69783D323730303020792053706F746966793D3137303030202D416E75616C'),
	(1422,'14800275','11/20/2016',44,100000.0000,X'54656E6973204E696B65'),
	(1423,'14800275','11/19/2016',44,50000.0000,X'52657469726F2043616A65726F20446170612D436F6D6964612056656E746F6C696E69207920766172696F73'),
	(1424,'14800275','11/19/2016',44,19700.0000,X'436F6D69646120656E20656C20556E69636F'),
	(1425,'14800275','11/21/2016',44,103144.0000,''),
	(1426,'14800275','11/22/2016',30,411341.0000,X'42616E636F6C6F6D6269610920243137302C333739200D0A43616E617374610920243234302C303030200D0A4761736F6C696E61092024393632'),
	(1427,'14800275','11/22/2016',44,50000.0000,X'41727265676C6F2043616C656E7461646F72'),
	(1428,'14800275','11/22/2016',2,920000.0000,X'536F6465786F204761736F6C696E61203D203336303030300D0A536F6465786F2043616E61737461203D20353630303030'),
	(1429,'14800275','11/22/2016',19,1400000.0000,X'4E756D65726F20436F6D70726F62616E7465203D2030303030303835383735'),
	(1430,'14800275','11/22/2016',1,4047000.0000,''),
	(1431,'14800275','11/22/2016',7,161880.0000,''),
	(1432,'14800275','11/22/2016',8,161880.0000,''),
	(1433,'14800275','11/22/2016',9,40470.0000,''),
	(1434,'14800275','11/22/2016',10,6200.0000,''),
	(1435,'14800275','11/22/2016',27,60000.0000,''),
	(1436,'14800275','11/22/2016',15,100000.0000,X'5061676F2050415020313030'),
	(1437,'14800275','11/22/2016',17,1151670.0000,''),
	(1438,'14800275','11/22/2016',32,4047000.0000,X'436573616E74696173'),
	(1439,'14800275','11/22/2016',32,300000.0000,''),
	(1440,'14800275','11/22/2016',33,100000.0000,X'504150'),
	(1441,'14800275','11/22/2016',18,1050000.0000,X'4372656469746F20436172726F'),
	(1442,'14800275','11/24/2016',22,78189.0000,X'436C61726F'),
	(1443,'14800275','11/22/2016',179,110285.0000,X'4D657263616D696F'),
	(1444,'14800275','11/25/2016',18,528122.0000,X'5061676F2042616E636F6C6F6D626961'),
	(1445,'14800275','11/30/2016',27,60000.0000,''),
	(1446,'14800275','12/04/2016',27,60000.0000,''),
	(1447,'1037594925','12/01/2016',46,3214000.0000,X'5661636163696F6E657320322E3335362E39333320283234204E6F7620616C20313520446963290D0A53616C6172696F203835372E3036372028313520616C203233204E6F7629'),
	(1448,'1037594925','12/01/2016',53,128560.0000,X'5661636163696F6E6573'),
	(1449,'1037594925','12/01/2016',52,128560.0000,X'5661636163696F6E6573'),
	(1450,'1037594925','12/01/2016',54,16070.0000,X'5661636163696F6E6573'),
	(1451,'1037594925','12/01/2016',61,209362.0000,X'32392F3131203838303635'),
	(1452,'1037594925','12/01/2016',180,300000.0000,X'32352F3131'),
	(1453,'1037594925','12/01/2016',178,200000.0000,X'33302F3131'),
	(1454,'1037594925','12/01/2016',69,375954.0000,X'33302F3131'),
	(1455,'1037594925','12/01/2016',160,50000.0000,X'33302F3131'),
	(1456,'1037594925','12/01/2016',89,64000.0000,X'4369746173204D617274696E61'),
	(1457,'1037594925','12/01/2016',63,575545.0000,X'42616E636F6C6F6D626961'),
	(1458,'1037594925','12/01/2016',89,532178.0000,X'54756C75C3A12C20616D69676F73207365637265746F732C207061C3B1616C65732C206D6564696173206D617274696E612C2070726F746563746F726573206C616374616E6369612C207472616E73706F7274652079206F74726F73'),
	(1459,'1037594925','12/01/2016',89,415000.0000,X'2A5072657374616D6F20436F626F'),
	(1460,'1037594925','12/06/2016',60,100000.0000,X'3136323836'),
	(1461,'1037594925','12/06/2016',77,100000.0000,''),
	(1462,'1037594925','12/06/2016',78,100000.0000,''),
	(1463,'1037594925','12/06/2016',66,99812.0000,X'3636373036'),
	(1464,'14800275','12/06/2016',179,13400.0000,X'3134206465206C612036612076656C6173'),
	(1465,'14800275','12/07/2016',44,168841.0000,X'4D616E74656E696D69656E746F2043616D696F6E657461203230206D696C206B6D'),
	(1466,'14800275','12/08/2016',44,44140.0000,X'416C6D7565727A6F2C20636F73617320536F636F72726F'),
	(1467,'14800275','12/12/2016',179,113959.0000,X'537570657220496E746572'),
	(1468,'1037594925','12/13/2016',86,18959.0000,''),
	(1469,'1037594925','12/15/2016',50,1457013.0000,''),
	(1470,'1037594925','12/15/2016',65,171480.0000,X'35343230332031352F3132'),
	(1471,'1037594925','12/20/2016',68,28130.0000,X'3334323033'),
	(1472,'1037594925','12/19/2016',89,1000000.0000,X'43756F746120657874726120636172726F'),
	(1473,'1037594925','12/20/2016',89,40000.0000,X'54616E717565616461'),
	(1474,'1037594925','12/20/2016',89,100000.0000,X'766172696F732079207472616E73706F727465'),
	(1475,'1037594925','12/17/2016',89,55000.0000,X'2A7072657374616D6F20616B69746F'),
	(1476,'1037594925','12/16/2016',89,30000.0000,X'41646963696F6E616C6573206C617361676E61'),
	(1477,'1037594925','12/18/2016',89,10000.0000,'');

/*!40000 ALTER TABLE `cc_transaccion_tbl` ENABLE KEYS */;
UNLOCK TABLES;


# Dump of table cc_value_concepto_view
# ------------------------------------------------------------

DROP VIEW IF EXISTS `cc_value_concepto_view`;

CREATE TABLE `cc_value_concepto_view` (
   `id` INT(11) NOT NULL DEFAULT '0',
   `descr` VARCHAR(255) NULL DEFAULT NULL,
   `empresa` VARCHAR(4) NOT NULL DEFAULT '',
   `usuario` INT(11) NULL DEFAULT NULL,
   `estado` INT(11) NULL DEFAULT '0'
) ENGINE=MyISAM;



# Dump of table cc_value_tipoconcepto_view
# ------------------------------------------------------------

DROP VIEW IF EXISTS `cc_value_tipoconcepto_view`;

CREATE TABLE `cc_value_tipoconcepto_view` (
   `id` INT(11) NOT NULL DEFAULT '0',
   `descr` VARCHAR(255) NULL DEFAULT NULL,
   `usuario` INT(11) NULL DEFAULT NULL
) ENGINE=MyISAM;



# Dump of table cc_value_tipocontable_view
# ------------------------------------------------------------

DROP VIEW IF EXISTS `cc_value_tipocontable_view`;

CREATE TABLE `cc_value_tipocontable_view` (
   `id` INT(11) NOT NULL DEFAULT '0',
   `descr` VARCHAR(255) NULL DEFAULT NULL
) ENGINE=MyISAM;





# Replace placeholder table for cc_informe_ano_tconcepto_vw with correct view syntax
# ------------------------------------------------------------

DROP TABLE `cc_informe_ano_tconcepto_vw`;

CREATE ALGORITHM=UNDEFINED DEFINER=`nabuext`@`%` SQL SECURITY DEFINER VIEW `cc_informe_ano_tconcepto_vw`
AS SELECT
   `a`.`Id_Usuario` AS `Id_usuario`,extract(year
FROM str_to_date(`a`.`Fecha_Inicio`,'%m/%d/%Y')) AS `Ano`,`a`.`Periodo` AS `Periodo`,`a`.`Tipo_Concepto` AS `Tipo_Concepto`,format(ifnull(sum(replace(replace(`a`.`Monto`,',',''),'.',',')),0),2) AS `Valor` from `cc_detalle_trans_vw` `a` group by `a`.`Id_Usuario`,extract(year from str_to_date(`a`.`Fecha_Inicio`,'%m/%d/%Y')),`a`.`Periodo`,`a`.`Tipo_Concepto`;


# Replace placeholder table for cc_tipocontable_vw with correct view syntax
# ------------------------------------------------------------

DROP TABLE `cc_tipocontable_vw`;

CREATE ALGORITHM=UNDEFINED DEFINER=`nabuext`@`%` SQL SECURITY DEFINER VIEW `cc_tipocontable_vw`
AS SELECT
   `cc_tipocontable_tbl`.`cc_descripcion` AS `Tipo_Contable`
FROM `cc_tipocontable_tbl`;


# Replace placeholder table for cc_consolidado_trans_2_vw with correct view syntax
# ------------------------------------------------------------

DROP TABLE `cc_consolidado_trans_2_vw`;

CREATE ALGORITHM=UNDEFINED DEFINER=`nabuext`@`%` SQL SECURITY DEFINER VIEW `cc_consolidado_trans_2_vw`
AS SELECT
   concat(`a`.`ID_Usuario`,'-',convert(convert((case when (`a`.`Periodo` > 9) then `a`.`Periodo` else concat(0,`a`.`Periodo`) end) using latin1) using utf8),'-',`a`.`Sub_Periodo`) AS `label`,(case when (`a`.`Tipo_Contable` = 'Activos') then `a`.`Monto` end) AS `Activo`,(case when (`a`.`Tipo_Contable` = 'Pasivos') then `a`.`Monto` end) AS `Pasivo`,(case when (`a`.`Tipo_Contable` = 'Ahorro (+)') then `a`.`Monto` end) AS `Ahorro`,(case when (`a`.`Tipo_Contable` = 'Ahorro (-)') then `a`.`Monto` end) AS `Retiro_Ahorros`
FROM `cc_consolidado_trans_vw` `a`;


# Replace placeholder table for cc_value_tipoconcepto_view with correct view syntax
# ------------------------------------------------------------

DROP TABLE `cc_value_tipoconcepto_view`;

CREATE ALGORITHM=UNDEFINED DEFINER=`nabuext`@`%` SQL SECURITY DEFINER VIEW `cc_value_tipoconcepto_view`
AS SELECT
   `cc_tipoconcepto_tbl`.`cc_tipoconcepto` AS `id`,
   `cc_tipoconcepto_tbl`.`cc_descripcion` AS `descr`,
   `cc_tipoconcepto_tbl`.`id_usuario` AS `usuario`
FROM `cc_tipoconcepto_tbl` order by 1,2;


# Replace placeholder table for cc_value_tipocontable_view with correct view syntax
# ------------------------------------------------------------

DROP TABLE `cc_value_tipocontable_view`;

CREATE ALGORITHM=UNDEFINED DEFINER=`nabuext`@`%` SQL SECURITY DEFINER VIEW `cc_value_tipocontable_view`
AS SELECT
   `cc_tipocontable_tbl`.`cc_tipocontable` AS `id`,
   `cc_tipocontable_tbl`.`cc_descripcion` AS `descr`
FROM `cc_tipocontable_tbl` order by 1,2;


# Replace placeholder table for cc_tipoconcepto_vw with correct view syntax
# ------------------------------------------------------------

DROP TABLE `cc_tipoconcepto_vw`;

CREATE ALGORITHM=UNDEFINED DEFINER=`nabuext`@`%` SQL SECURITY DEFINER VIEW `cc_tipoconcepto_vw`
AS SELECT
   to_base64((cast(`a`.`cc_tipoconcepto` as unsigned) * 444)) AS `cc_tipoconcepto`,
   `a`.`id_usuario` AS `Id_usuario`,
   `a`.`cc_descripcion` AS `tipoconcepto`,
   `b`.`cc_descripcion` AS `tipocontable`
FROM (`cc_tipoconcepto_tbl` `a` join `cc_tipocontable_tbl` `b`) where (`a`.`cc_tipocontable` = `b`.`cc_tipocontable`);


# Replace placeholder table for cc_consolidado_trans_vw with correct view syntax
# ------------------------------------------------------------

DROP TABLE `cc_consolidado_trans_vw`;

CREATE ALGORITHM=UNDEFINED DEFINER=`nabuext`@`%` SQL SECURITY DEFINER VIEW `cc_consolidado_trans_vw`
AS SELECT
   `cc_detalle_trans_vw`.`Id_Usuario` AS `ID_Usuario`,
   `cc_detalle_trans_vw`.`Periodo` AS `Periodo`,
   `cc_detalle_trans_vw`.`Sub_Periodo` AS `Sub_Periodo`,
   `cc_detalle_trans_vw`.`Tipo_Contable` AS `Tipo_Contable`,format(ifnull(sum(replace(replace(`cc_detalle_trans_vw`.`Monto`,',',''),'.',',')),0),2) AS `Monto`
FROM `cc_detalle_trans_vw` where (extract(year from str_to_date(`cc_detalle_trans_vw`.`Fecha_Inicio`,'%m/%d/%Y')) = year(curdate())) group by `cc_detalle_trans_vw`.`Id_Usuario`,`cc_detalle_trans_vw`.`Periodo`,`cc_detalle_trans_vw`.`Sub_Periodo`,`cc_detalle_trans_vw`.`Tipo_Contable`;


# Replace placeholder table for cc_detalle_trans_vw with correct view syntax
# ------------------------------------------------------------

DROP TABLE `cc_detalle_trans_vw`;

CREATE ALGORITHM=UNDEFINED DEFINER=`nabuext`@`%` SQL SECURITY DEFINER VIEW `cc_detalle_trans_vw`
AS SELECT
   to_base64((cast(`a`.`Id_transaccion` as unsigned) * 444)) AS `Id_Transaccion`,
   `a`.`Id_usuario` AS `Id_Usuario`,
   `e`.`id_periodo` AS `Periodo`,
   `e`.`id_sub_periodo` AS `Sub_Periodo`,
   `a`.`Fecha_Inicio` AS `Fecha_Inicio`,
   `d`.`cc_descripcion` AS `Tipo_Contable`,
   `c`.`cc_descripcion` AS `Tipo_Concepto`,
   `a`.`Id_concepto` AS `Id_Concepto`,
   `b`.`cc_descripcion` AS `Concepto`,ifnull(format(`a`.`Monto`,2),0) AS `Monto`,
   `a`.`descripcion` AS `Descripcion`
FROM ((((`cc_transaccion_tbl` `a` join `cc_concepto_tbl` `b`) join `cc_tipoconcepto_tbl` `c`) join `cc_tipocontable_tbl` `d`) join `cc_periodo_tbl` `e`) where ((`a`.`Id_concepto` = `b`.`Id_concepto`) and (`b`.`cc_tipoconcepto` = `c`.`cc_tipoconcepto`) and (`c`.`cc_tipocontable` = `d`.`cc_tipocontable`) and (`a`.`Id_usuario` = `e`.`id_usuario`) and (str_to_date(`a`.`Fecha_Inicio`,'%m/%d/%Y') >= str_to_date(`e`.`Fecha_Inicio`,'%m/%d/%Y')) and (str_to_date(`a`.`Fecha_Inicio`,'%m/%d/%Y') <= str_to_date(`e`.`Fecha_Fin`,'%m/%d/%Y'))) order by `a`.`Id_transaccion` desc,`a`.`Id_usuario`,`e`.`id_periodo`,`e`.`id_sub_periodo`;


# Replace placeholder table for cc_informe_ano_tcontable_vw with correct view syntax
# ------------------------------------------------------------

DROP TABLE `cc_informe_ano_tcontable_vw`;

CREATE ALGORITHM=UNDEFINED DEFINER=`nabuext`@`%` SQL SECURITY DEFINER VIEW `cc_informe_ano_tcontable_vw`
AS SELECT
   `a`.`Id_Usuario` AS `Id_usuario`,extract(year
FROM str_to_date(`a`.`Fecha_Inicio`,'%m/%d/%Y')) AS `Ano`,`a`.`Periodo` AS `Periodo`,`a`.`Sub_Periodo` AS `Sub_Periodo`,`a`.`Tipo_Contable` AS `Tipo_Contable`,format(ifnull(sum(replace(replace(`a`.`Monto`,',',''),'.',',')),0),2) AS `Valor` from `cc_detalle_trans_vw` `a` group by `a`.`Id_Usuario`,extract(year from str_to_date(`a`.`Fecha_Inicio`,'%m/%d/%Y')),`a`.`Periodo`,`a`.`Sub_Periodo`,`a`.`Tipo_Contable`;


# Replace placeholder table for cc_value_concepto_view with correct view syntax
# ------------------------------------------------------------

DROP TABLE `cc_value_concepto_view`;

CREATE ALGORITHM=UNDEFINED DEFINER=`nabuext`@`%` SQL SECURITY DEFINER VIEW `cc_value_concepto_view`
AS SELECT
   `cc_concepto_tbl`.`Id_concepto` AS `id`,
   `cc_concepto_tbl`.`cc_descripcion` AS `descr`,'cont' AS `empresa`,
   `cc_concepto_tbl`.`id_usuario` AS `usuario`,
   `cc_concepto_tbl`.`nb_estado_fld` AS `estado`
FROM `cc_concepto_tbl` order by 1,2;


# Replace placeholder table for cc_informe_ano_concepto_vw with correct view syntax
# ------------------------------------------------------------

DROP TABLE `cc_informe_ano_concepto_vw`;

CREATE ALGORITHM=UNDEFINED DEFINER=`nabuext`@`%` SQL SECURITY DEFINER VIEW `cc_informe_ano_concepto_vw`
AS SELECT
   `a`.`Id_Usuario` AS `Id_usuario`,extract(year
FROM str_to_date(`a`.`Fecha_Inicio`,'%m/%d/%Y')) AS `Ano`,`a`.`Concepto` AS `Concepto`,format(ifnull(sum(replace(replace(`a`.`Monto`,',',''),'.',',')),0),2) AS `Valor` from `cc_detalle_trans_vw` `a` group by `a`.`Id_Usuario`,extract(year from str_to_date(`a`.`Fecha_Inicio`,'%m/%d/%Y')),`a`.`Concepto`;


# Replace placeholder table for cc_concepto_vw with correct view syntax
# ------------------------------------------------------------

DROP TABLE `cc_concepto_vw`;

CREATE ALGORITHM=UNDEFINED DEFINER=`nabuext`@`%` SQL SECURITY DEFINER VIEW `cc_concepto_vw`
AS SELECT
   to_base64((cast(`a`.`Id_concepto` as unsigned) * 444)) AS `Id_concepto`,
   `a`.`id_usuario` AS `id_usuario`,
   `a`.`cc_descripcion` AS `concepto`,
   `b`.`cc_descripcion` AS `tipoconcepto`,
   `c`.`cc_descripcion` AS `tipocontable`,(select `nabu`.`nb_value_tbl`.`nb_value_fld`
FROM `nabu`.`nb_value_tbl` where ((`nabu`.`nb_value_tbl`.`nb_enterprise_id_fld` = 'cont') and (`nabu`.`nb_value_tbl`.`nb_id_pr_schema_fld` = 'nb_estado_fld') and (`nabu`.`nb_value_tbl`.`nb_id_value_fld` = `a`.`nb_estado_fld`))) AS `estado` from ((`nabucont`.`cc_concepto_tbl` `a` join `nabucont`.`cc_tipoconcepto_tbl` `b`) join `nabucont`.`cc_tipocontable_tbl` `c`) where ((`a`.`cc_tipoconcepto` = `b`.`cc_tipoconcepto`) and (`b`.`cc_tipocontable` = `c`.`cc_tipocontable`));


# Replace placeholder table for cc_periodo_vw with correct view syntax
# ------------------------------------------------------------

DROP TABLE `cc_periodo_vw`;

CREATE ALGORITHM=UNDEFINED DEFINER=`root`@`localhost` SQL SECURITY DEFINER VIEW `cc_periodo_vw`
AS SELECT
   to_base64((cast(`cc_periodo_tbl`.`id` as unsigned) * 444)) AS `id`,
   `cc_periodo_tbl`.`id_usuario` AS `id_usuario`,
   `cc_periodo_tbl`.`id_periodo` AS `id_periodo`,
   `cc_periodo_tbl`.`id_sub_periodo` AS `id_sub_periodo`,
   `cc_periodo_tbl`.`Fecha_Inicio` AS `Fecha_Inicio`,
   `cc_periodo_tbl`.`Fecha_Fin` AS `Fecha_Fin`
FROM `cc_periodo_tbl`;


# Replace placeholder table for cc_sum_tipototales_vw with correct view syntax
# ------------------------------------------------------------

DROP TABLE `cc_sum_tipototales_vw`;

CREATE ALGORITHM=UNDEFINED DEFINER=`nabuext`@`%` SQL SECURITY DEFINER VIEW `cc_sum_tipototales_vw`
AS SELECT
   `cc_consolidado_trans_2_vw`.`label` AS `label`,format(ifnull(sum(replace(replace(`cc_consolidado_trans_2_vw`.`Activo`,',',''),'.',',')),0),2) AS `Activo`,format(ifnull(sum(replace(replace(`cc_consolidado_trans_2_vw`.`Pasivo`,',',''),'.',',')),0),2) AS `Pasivo`,format((ifnull(sum(replace(replace(`cc_consolidado_trans_2_vw`.`Activo`,',',''),'.',',')),0) - ifnull(sum(replace(replace(`cc_consolidado_trans_2_vw`.`Pasivo`,',',''),'.',',')),0)),2) AS `Patrimonio`,format(ifnull(sum(replace(replace(`cc_consolidado_trans_2_vw`.`Ahorro`,',',''),'.',',')),0),2) AS `Ahorro`,format(ifnull(sum(replace(replace(`cc_consolidado_trans_2_vw`.`Retiro_Ahorros`,',',''),'.',',')),0),2) AS `Retiro_Ahorros`,format((ifnull(sum(replace(replace(`cc_consolidado_trans_2_vw`.`Ahorro`,',',''),'.',',')),0) - ifnull(sum(replace(replace(`cc_consolidado_trans_2_vw`.`Retiro_Ahorros`,',',''),'.',',')),0)),2) AS `Patrimonio_Ahorro`
FROM `cc_consolidado_trans_2_vw` group by `cc_consolidado_trans_2_vw`.`label`;

--
-- Dumping routines (FUNCTION) for database 'nabucont'
--
DELIMITER ;;

# Dump of FUNCTION BASE64_ENCODE
# ------------------------------------------------------------

/*!50003 DROP FUNCTION IF EXISTS `BASE64_ENCODE` */;;
/*!50003 SET SESSION SQL_MODE=""*/;;
/*!50003 CREATE*/ /*!50020 DEFINER=`nabucont`@`%`*/ /*!50003 FUNCTION `BASE64_ENCODE`(input BLOB) RETURNS blob
    DETERMINISTIC
    SQL SECURITY INVOKER
BEGIN
    DECLARE ret BLOB DEFAULT '';
    DECLARE done TINYINT DEFAULT 0;
    IF input IS NULL THEN
        RETURN NULL;
    END IF;
each_block:
    WHILE NOT done DO BEGIN
        DECLARE accum_value BIGINT UNSIGNED DEFAULT 0;
        DECLARE in_count TINYINT DEFAULT 0;
        DECLARE out_count TINYINT;
each_input_char:
        WHILE in_count < 3 DO BEGIN
            DECLARE first_char BLOB(1);

            IF LENGTH(input) = 0 THEN
                SET done = 1;
                SET accum_value = accum_value << (8 * (3 - in_count));
                LEAVE each_input_char;
            END IF;

            SET first_char = SUBSTRING(input,1,1);
            SET input = SUBSTRING(input,2);

            SET accum_value = (accum_value << 8) + ASCII(first_char);
            SET in_count = in_count + 1;
        END; END WHILE;

        -- We've now accumulated 24 bits; deaccumulate into base64 characters
        -- We have to work from the left, so use the third byte position and shift left
        CASE
            WHEN in_count = 3 THEN SET out_count = 4;
            WHEN in_count = 2 THEN SET out_count = 3;
            WHEN in_count = 1 THEN SET out_count = 2;
            ELSE RETURN ret;
        END CASE;

        WHILE out_count > 0 DO BEGIN
            BEGIN
                DECLARE out_char CHAR(1);
                DECLARE base64_getval CURSOR FOR SELECT c FROM core_base64_data WHERE val = (accum_value >> 18);
                OPEN base64_getval;
                FETCH base64_getval INTO out_char;
                CLOSE base64_getval;
                SET ret = CONCAT(ret,out_char);
                SET out_count = out_count - 1;
                SET accum_value = accum_value << 6 & 0xffffff;
            END;
        END; END WHILE;
        CASE
            WHEN in_count = 2 THEN SET ret = CONCAT(ret,'=');
            WHEN in_count = 1 THEN SET ret = CONCAT(ret,'==');
            ELSE BEGIN END;
        END CASE;

    END; END WHILE;
    RETURN ret;
END */;;

/*!50003 SET SESSION SQL_MODE=@OLD_SQL_MODE */;;
DELIMITER ;

/*!40111 SET SQL_NOTES=@OLD_SQL_NOTES */;
/*!40101 SET SQL_MODE=@OLD_SQL_MODE */;
/*!40014 SET FOREIGN_KEY_CHECKS=@OLD_FOREIGN_KEY_CHECKS */;
/*!40101 SET CHARACTER_SET_CLIENT=@OLD_CHARACTER_SET_CLIENT */;
/*!40101 SET CHARACTER_SET_RESULTS=@OLD_CHARACTER_SET_RESULTS */;
/*!40101 SET COLLATION_CONNECTION=@OLD_COLLATION_CONNECTION */;
